date,rate
2009.1.2,3.93
2009.1.5,3.92
2009.1.6,3.92
2009.1.7,3.92
2009.1.8,3.25
2009.1.9,3.18
2009.1.12,3.18
2009.1.13,3.13
2009.1.14,3.02
2009.1.15,2.98
2009.1.16,2.97
2009.1.19,2.97
2009.1.20,2.97
2009.1.21,2.97
2009.1.22,2.96
2009.1.23,2.96
2009.1.28,2.96
2009.1.29,2.96
2009.1.30,2.96
2009.2.2,2.96
2009.2.3,2.96
2009.2.4,2.96
2009.2.5,2.92
2009.2.6,2.92
2009.2.9,2.92
2009.2.10,2.92
2009.2.11,2.92
2009.2.12,2.64
2009.2.13,2.57
2009.2.16,2.57
2009.2.17,2.57
2009.2.18,2.56
2009.2.19,2.55
2009.2.20,2.54
2009.2.23,2.53
2009.2.24,2.51
2009.2.25,2.51
2009.2.26,2.49
2009.2.27,2.49
2009.3.2,2.49
2009.3.3,2.49
2009.3.4,2.49
2009.3.5,2.49
2009.3.6,2.49
2009.3.9,2.45
2009.3.10,2.45
2009.3.11,2.45
2009.3.12,2.45
2009.3.13,2.43
2009.3.16,2.43
2009.3.17,2.43
2009.3.18,2.43
2009.3.19,2.43
2009.3.20,2.43
2009.3.23,2.43
2009.3.24,2.43
2009.3.25,2.43
2009.3.26,2.43
2009.3.27,2.43
2009.3.30,2.43
2009.3.31,2.43
2009.4.1,2.43
2009.4.2,2.43
2009.4.3,2.43
2009.4.6,2.43
2009.4.7,2.43
2009.4.8,2.43
2009.4.9,2.43
2009.4.10,2.43
2009.4.13,2.43
2009.4.14,2.43
2009.4.15,2.42
2009.4.16,2.41
2009.4.17,2.41
2009.4.20,2.41
2009.4.21,2.41
2009.4.22,2.41
2009.4.23,2.41
2009.4.24,2.41
2009.4.27,2.41
2009.4.28,2.41
2009.4.29,2.41
2009.4.30,2.41
2009.5.4,2.41
2009.5.6,2.41
2009.5.7,2.41
2009.5.8,2.41
2009.5.11,2.41
2009.5.12,2.41
2009.5.13,2.41
2009.5.14,2.41
2009.5.15,2.41
2009.5.18,2.41
2009.5.19,2.41
2009.5.20,2.41
2009.5.21,2.41
2009.5.22,2.41
2009.5.25,2.41
2009.5.26,2.41
2009.5.27,2.41
2009.5.28,2.41
2009.5.29,2.41
2009.6.1,2.41
2009.6.2,2.41
2009.6.3,2.41
2009.6.4,2.42
2009.6.5,2.41
2009.6.8,2.41
2009.6.9,2.41
2009.6.10,2.41
2009.6.11,2.41
2009.6.12,2.41
2009.6.15,2.41
2009.6.16,2.41
2009.6.17,2.41
2009.6.18,2.41
2009.6.19,2.41
2009.6.22,2.41
2009.6.23,2.41
2009.6.24,2.41
2009.6.25,2.41
2009.6.26,2.41
2009.6.29,2.41
2009.6.30,2.41
2009.7.1,2.41
2009.7.2,2.41
2009.7.3,2.41
2009.7.6,2.41
2009.7.7,2.41
2009.7.8,2.41
2009.7.9,2.41
2009.7.10,2.41
2009.7.13,2.41
2009.7.14,2.41
2009.7.15,2.41
2009.7.16,2.41
2009.7.17,2.41
2009.7.20,2.41
2009.7.21,2.41
2009.7.22,2.41
2009.7.23,2.41
2009.7.24,2.41
2009.7.27,2.41
2009.7.28,2.41
2009.7.29,2.41
2009.7.30,2.41
2009.7.31,2.41
2009.8.3,2.41
2009.8.4,2.41
2009.8.5,2.41
2009.8.6,2.42
2009.8.7,2.42
2009.8.10,2.42
2009.8.11,2.42
2009.8.12,2.42
2009.8.13,2.45
2009.8.14,2.47
2009.8.17,2.48
2009.8.18,2.49
2009.8.19,2.49
2009.8.20,2.51
2009.8.21,2.51
2009.8.24,2.51
2009.8.25,2.52
2009.8.26,2.56
2009.8.27,2.57
2009.8.28,2.57
2009.8.31,2.57
2009.9.1,2.57
2009.9.2,2.57
2009.9.3,2.57
2009.9.4,2.57
2009.9.7,2.57
2009.9.8,2.57
2009.9.9,2.57
2009.9.10,2.58
2009.9.11,2.59
2009.9.14,2.61
2009.9.15,2.62
2009.9.16,2.63
2009.9.17,2.64
2009.9.18,2.65
2009.9.21,2.68
2009.9.22,2.7
2009.9.23,2.71
2009.9.24,2.72
2009.9.25,2.72
2009.9.28,2.73
2009.9.29,2.74
2009.9.30,2.75
2009.10.1,2.76
2009.10.5,2.77
2009.10.6,2.78
2009.10.7,2.79
2009.10.8,2.8
2009.10.9,2.81
2009.10.12,2.81
2009.10.13,2.81
2009.10.14,2.81
2009.10.15,2.8
2009.10.16,2.8
2009.10.19,2.8
2009.10.20,2.79
2009.10.21,2.79
2009.10.22,2.79
2009.10.23,2.79
2009.10.26,2.79
2009.10.27,2.79
2009.10.28,2.79
2009.10.29,2.79
2009.10.30,2.79
2009.11.2,2.79
2009.11.3,2.79
2009.11.4,2.79
2009.11.5,2.79
2009.11.6,2.79
2009.11.9,2.79
2009.11.10,2.79
2009.11.11,2.79
2009.11.12,2.79
2009.11.13,2.79
2009.11.16,2.79
2009.11.17,2.79
2009.11.18,2.79
2009.11.19,2.79
2009.11.20,2.79
2009.11.23,2.79
2009.11.24,2.79
2009.11.25,2.79
2009.11.26,2.79
2009.11.27,2.79
2009.11.30,2.79
2009.12.1,2.79
2009.12.2,2.79
2009.12.3,2.79
2009.12.4,2.79
2009.12.7,2.79
2009.12.8,2.79
2009.12.9,2.79
2009.12.10,2.79
2009.12.11,2.79
2009.12.14,2.79
2009.12.15,2.79
2009.12.16,2.83
2009.12.17,2.85
2009.12.18,2.85
2009.12.21,2.85
2009.12.22,2.85
2009.12.23,2.85
2009.12.24,2.85
2009.12.28,2.85
2009.12.29,2.85
2009.12.30,2.86
2009.12.31,2.86
2010.1.4,2.88
2010.1.5,2.88
2010.1.6,2.88
2010.1.7,2.88
2010.1.8,2.88
2010.1.11,2.88
2010.1.12,2.88
2010.1.13,2.88
2010.1.14,2.88
2010.1.15,2.88
2010.1.18,2.88
2010.1.19,2.88
2010.1.20,2.88
2010.1.21,2.88
2010.1.22,2.88
2010.1.25,2.88
2010.1.26,2.88
2010.1.27,2.88
2010.1.28,2.88
2010.1.29,2.88
2010.2.1,2.88
2010.2.2,2.88
2010.2.3,2.88
2010.2.4,2.88
2010.2.5,2.88
2010.2.8,2.88
2010.2.9,2.88
2010.2.10,2.88
2010.2.11,2.88
2010.2.12,2.88
2010.2.16,2.88
2010.2.17,2.88
2010.2.18,2.88
2010.2.19,2.88
2010.2.22,2.88
2010.2.23,2.88
2010.2.24,2.88
2010.2.25,2.88
2010.2.26,2.88
2010.3.2,2.88
2010.3.3,2.88
2010.3.4,2.88
2010.3.5,2.86
2010.3.8,2.86
2010.3.9,2.86
2010.3.10,2.86
2010.3.11,2.84
2010.3.12,2.83
2010.3.15,2.83
2010.3.16,2.82
2010.3.17,2.82
2010.3.18,2.82
2010.3.19,2.82
2010.3.22,2.81
2010.3.23,2.81
2010.3.24,2.81
2010.3.25,2.81
2010.3.26,2.78
2010.3.29,2.78
2010.3.30,2.78
2010.3.31,2.78
2010.4.1,2.78
2010.4.2,2.78
2010.4.5,2.72
2010.4.6,2.63
2010.4.7,2.63
2010.4.8,2.53
2010.4.9,2.46
2010.4.12,2.45
2010.4.13,2.45
2010.4.14,2.45
2010.4.15,2.45
2010.4.16,2.45
2010.4.19,2.45
2010.4.20,2.45
2010.4.21,2.45
2010.4.22,2.45
2010.4.23,2.45
2010.4.26,2.45
2010.4.27,2.45
2010.4.28,2.45
2010.4.29,2.45
2010.4.30,2.45
2010.5.3,2.45
2010.5.4,2.45
2010.5.6,2.45
2010.5.7,2.45
2010.5.10,2.45
2010.5.11,2.45
2010.5.12,2.45
2010.5.13,2.45
2010.5.14,2.45
2010.5.17,2.45
2010.5.18,2.45
2010.5.19,2.45
2010.5.20,2.45
2010.5.24,2.45
2010.5.25,2.45
2010.5.26,2.45
2010.5.27,2.45
2010.5.28,2.45
2010.5.31,2.45
2010.6.1,2.45
2010.6.3,2.45
2010.6.4,2.45
2010.6.7,2.45
2010.6.8,2.45
2010.6.9,2.45
2010.6.10,2.45
2010.6.11,2.45
2010.6.14,2.45
2010.6.15,2.45
2010.6.16,2.45
2010.6.17,2.45
2010.6.18,2.45
2010.6.21,2.45
2010.6.22,2.45
2010.6.23,2.45
2010.6.24,2.46
2010.6.25,2.46
2010.6.28,2.46
2010.6.29,2.46
2010.6.30,2.46
2010.7.1,2.46
2010.7.2,2.46
2010.7.5,2.46
2010.7.6,2.46
2010.7.7,2.46
2010.7.8,2.46
2010.7.9,2.63
2010.7.12,2.63
2010.7.13,2.63
2010.7.14,2.63
2010.7.15,2.63
2010.7.16,2.63
2010.7.19,2.63
2010.7.20,2.63
2010.7.21,2.63
2010.7.22,2.63
2010.7.23,2.63
2010.7.26,2.63
2010.7.27,2.63
2010.7.28,2.63
2010.7.29,2.63
2010.7.30,2.63
2010.8.2,2.63
2010.8.3,2.63
2010.8.4,2.63
2010.8.5,2.63
2010.8.6,2.63
2010.8.9,2.63
2010.8.10,2.63
2010.8.11,2.63
2010.8.12,2.63
2010.8.13,2.63
2010.8.16,2.63
2010.8.17,2.63
2010.8.18,2.63
2010.8.19,2.63
2010.8.20,2.63
2010.8.23,2.63
2010.8.24,2.63
2010.8.25,2.63
2010.8.26,2.63
2010.8.27,2.63
2010.8.30,2.63
2010.8.31,2.66
2010.9.1,2.66
2010.9.2,2.66
2010.9.3,2.66
2010.9.6,2.66
2010.9.7,2.66
2010.9.8,2.66
2010.9.9,2.66
2010.9.10,2.66
2010.9.13,2.66
2010.9.14,2.66
2010.9.15,2.66
2010.9.16,2.66
2010.9.17,2.66
2010.9.20,2.66
2010.9.24,2.66
2010.9.27,2.66
2010.9.28,2.66
2010.9.29,2.66
2010.9.30,2.66
2010.10.1,2.66
2010.10.4,2.66
2010.10.5,2.66
2010.10.6,2.66
2010.10.7,2.66
2010.10.8,2.66
2010.10.11,2.66
2010.10.12,2.67
2010.10.13,2.68
2010.10.14,2.67
2010.10.15,2.66
2010.10.18,2.66
2010.10.19,2.66
2010.10.20,2.66
2010.10.21,2.66
2010.10.22,2.66
2010.10.25,2.66
2010.10.26,2.66
2010.10.27,2.66
2010.10.28,2.66
2010.10.29,2.66
2010.11.1,2.66
2010.11.2,2.66
2010.11.3,2.66
2010.11.4,2.66
2010.11.5,2.66
2010.11.8,2.66
2010.11.9,2.66
2010.11.10,2.66
2010.11.11,2.66
2010.11.12,2.66
2010.11.15,2.66
2010.11.16,2.8
2010.11.17,2.8
2010.11.18,2.8
2010.11.19,2.8
2010.11.22,2.8
2010.11.23,2.8
2010.11.24,2.8
2010.11.25,2.8
2010.11.26,2.8
2010.11.29,2.8
2010.11.30,2.8
2010.12.1,2.8
2010.12.2,2.8
2010.12.3,2.8
2010.12.6,2.8
2010.12.7,2.8
2010.12.8,2.8
2010.12.9,2.8
2010.12.10,2.8
2010.12.13,2.8
2010.12.14,2.8
2010.12.15,2.8
2010.12.16,2.8
2010.12.17,2.8
2010.12.20,2.8
2010.12.21,2.8
2010.12.22,2.8
2010.12.23,2.8
2010.12.24,2.8
2010.12.27,2.8
2010.12.28,2.8
2010.12.29,2.8
2010.12.30,2.8
2010.12.31,2.8
2011.1.3,2.8
2011.1.4,2.8
2011.1.5,2.8
2011.1.6,2.8
2011.1.7,2.8
2011.1.10,2.8
2011.1.11,2.8
2011.1.12,2.8
2011.1.13,2.98
2011.1.14,2.98
2011.1.17,2.98
2011.1.18,2.98
2011.1.19,2.98
2011.1.20,3
2011.1.21,3
2011.1.24,3.01
2011.1.25,3.01
2011.1.26,3.01
2011.1.27,3.02
2011.1.28,3.03
2011.1.31,3.05
2011.2.1,3.05
2011.2.7,3.08
2011.2.8,3.09
2011.2.9,3.09
2011.2.10,3.11
2011.2.11,3.12
2011.2.14,3.13
2011.2.15,3.13
2011.2.16,3.14
2011.2.17,3.15
2011.2.18,3.15
2011.2.21,3.15
2011.2.22,3.15
2011.2.23,3.15
2011.2.24,3.16
2011.2.25,3.16
2011.2.28,3.17
2011.3.2,3.17
2011.3.3,3.23
2011.3.4,3.27
2011.3.7,3.29
2011.3.8,3.3
2011.3.9,3.3
2011.3.10,3.39
2011.3.11,3.39
2011.3.14,3.39
2011.3.15,3.39
2011.3.16,3.39
2011.3.17,3.39
2011.3.18,3.39
2011.3.21,3.39
2011.3.22,3.39
2011.3.23,3.39
2011.3.24,3.39
2011.3.25,3.39
2011.3.28,3.39
2011.3.29,3.39
2011.3.30,3.39
2011.3.31,3.39
2011.4.1,3.39
2011.4.4,3.39
2011.4.5,3.39
2011.4.6,3.39
2011.4.7,3.39
2011.4.8,3.39
2011.4.11,3.4
2011.4.12,3.4
2011.4.13,3.4
2011.4.14,3.4
2011.4.15,3.4
2011.4.18,3.4
2011.4.19,3.4
2011.4.20,3.4
2011.4.21,3.4
2011.4.22,3.41
2011.4.25,3.41
2011.4.26,3.42
2011.4.27,3.42
2011.4.28,3.42
2011.4.29,3.42
2011.5.2,3.43
2011.5.3,3.46
2011.5.4,3.46
2011.5.6,3.46
2011.5.9,3.46
2011.5.11,3.46
2011.5.12,3.46
2011.5.13,3.46
2011.5.16,3.46
2011.5.17,3.46
2011.5.18,3.46
2011.5.19,3.46
2011.5.20,3.46
2011.5.23,3.46
2011.5.24,3.46
2011.5.25,3.46
2011.5.26,3.46
2011.5.27,3.46
2011.5.30,3.46
2011.5.31,3.46
2011.6.1,3.46
2011.6.2,3.46
2011.6.3,3.46
2011.6.7,3.46
2011.6.8,3.46
2011.6.9,3.46
2011.6.10,3.56
2011.6.13,3.56
2011.6.14,3.56
2011.6.15,3.56
2011.6.16,3.56
2011.6.17,3.56
2011.6.20,3.56
2011.6.21,3.56
2011.6.22,3.56
2011.6.23,3.56
2011.6.24,3.56
2011.6.27,3.56
2011.6.28,3.57
2011.6.29,3.57
2011.6.30,3.57
2011.7.1,3.57
2011.7.4,3.57
2011.7.5,3.58
2011.7.6,3.58
2011.7.7,3.59
2011.7.8,3.59
2011.7.11,3.59
2011.7.12,3.59
2011.7.13,3.59
2011.7.14,3.59
2011.7.15,3.59
2011.7.18,3.59
2011.7.19,3.59
2011.7.20,3.59
2011.7.21,3.59
2011.7.22,3.59
2011.7.25,3.59
2011.7.26,3.59
2011.7.27,3.59
2011.7.28,3.59
2011.7.29,3.59
2011.8.1,3.59
2011.8.2,3.59
2011.8.3,3.59
2011.8.4,3.59
2011.8.5,3.59
2011.8.8,3.59
2011.8.9,3.59
2011.8.10,3.59
2011.8.11,3.59
2011.8.12,3.59
2011.8.16,3.59
2011.8.17,3.59
2011.8.18,3.59
2011.8.19,3.59
2011.8.22,3.59
2011.8.23,3.59
2011.8.24,3.59
2011.8.25,3.59
2011.8.26,3.59
2011.8.29,3.59
2011.8.30,3.59
2011.8.31,3.59
2011.9.1,3.59
2011.9.2,3.59
2011.9.5,3.58
2011.9.6,3.58
2011.9.7,3.58
2011.9.8,3.58
2011.9.9,3.58
2011.9.14,3.58
2011.9.15,3.58
2011.9.16,3.58
2011.9.19,3.58
2011.9.20,3.58
2011.9.21,3.58
2011.9.22,3.58
2011.9.23,3.58
2011.9.26,3.58
2011.9.27,3.58
2011.9.28,3.58
2011.9.29,3.58
2011.9.30,3.58
2011.10.4,3.58
2011.10.5,3.58
2011.10.6,3.58
2011.10.7,3.58
2011.10.10,3.58
2011.10.11,3.58
2011.10.12,3.58
2011.10.13,3.58
2011.10.14,3.58
2011.10.17,3.58
2011.10.18,3.57
2011.10.19,3.57
2011.10.20,3.57
2011.10.21,3.57
2011.10.24,3.57
2011.10.25,3.57
2011.10.26,3.57
2011.10.27,3.57
2011.10.28,3.57
2011.10.31,3.57
2011.11.1,3.57
2011.11.2,3.57
2011.11.3,3.57
2011.11.4,3.57
2011.11.7,3.57
2011.11.8,3.57
2011.11.9,3.57
2011.11.10,3.57
2011.11.11,3.57
2011.11.14,3.57
2011.11.15,3.57
2011.11.16,3.57
2011.11.17,3.55
2011.11.18,3.55
2011.11.21,3.55
2011.11.22,3.55
2011.11.23,3.55
2011.11.24,3.55
2011.11.25,3.55
2011.11.28,3.55
2011.11.29,3.55
2011.11.30,3.55
2011.12.1,3.55
2011.12.2,3.55
2011.12.5,3.55
2011.12.6,3.55
2011.12.7,3.55
2011.12.8,3.55
2011.12.9,3.55
2011.12.12,3.55
2011.12.13,3.55
2011.12.14,3.55
2011.12.15,3.55
2011.12.16,3.55
2011.12.19,3.55
2011.12.20,3.55
2011.12.21,3.55
2011.12.22,3.55
2011.12.23,3.55
2011.12.26,3.55
2011.12.27,3.55
2011.12.28,3.55
2011.12.29,3.55
2011.12.30,3.55
2012.1.2,3.56
2012.1.3,3.56
2012.1.4,3.56
2012.1.5,3.56
2012.1.6,3.56
2012.1.9,3.56
2012.1.10,3.56
2012.1.11,3.56
2012.1.12,3.56
2012.1.13,3.56
2012.1.16,3.56
2012.1.17,3.56
2012.1.18,3.55
2012.1.19,3.54
2012.1.20,3.54
2012.1.25,3.54
2012.1.26,3.54
2012.1.27,3.54
2012.1.30,3.54
2012.1.31,3.54
2012.2.1,3.54
2012.2.2,3.54
2012.2.3,3.53
2012.2.6,3.53
2012.2.7,3.53
2012.2.8,3.53
2012.2.9,3.52
2012.2.10,3.52
2012.2.13,3.52
2012.2.14,3.52
2012.2.15,3.52
2012.2.16,3.52
2012.2.17,3.52
2012.2.20,3.52
2012.2.21,3.52
2012.2.22,3.52
2012.2.23,3.52
2012.2.24,3.52
2012.2.27,3.52
2012.2.28,3.53
2012.2.29,3.54
2012.3.2,3.54
2012.3.5,3.54
2012.3.6,3.54
2012.3.7,3.54
2012.3.8,3.54
2012.3.9,3.54
2012.3.12,3.54
2012.3.13,3.54
2012.3.14,3.54
2012.3.15,3.54
2012.3.16,3.54
2012.3.19,3.54
2012.3.20,3.54
2012.3.21,3.54
2012.3.22,3.54
2012.3.23,3.54
2012.3.26,3.55
2012.3.27,3.55
2012.3.28,3.55
2012.3.29,3.55
2012.3.30,3.55
2012.4.2,3.55
2012.4.3,3.55
2012.4.4,3.55
2012.4.5,3.55
2012.4.6,3.55
2012.4.9,3.54
2012.4.10,3.54
2012.4.12,3.54
2012.4.13,3.54
2012.4.16,3.54
2012.4.17,3.54
2012.4.18,3.54
2012.4.19,3.54
2012.4.20,3.54
2012.4.23,3.54
2012.4.24,3.54
2012.4.25,3.54
2012.4.26,3.54
2012.4.27,3.54
2012.4.30,3.54
2012.5.2,3.54
2012.5.3,3.54
2012.5.4,3.54
2012.5.7,3.54
2012.5.8,3.54
2012.5.9,3.54
2012.5.10,3.54
2012.5.11,3.54
2012.5.14,3.54
2012.5.15,3.54
2012.5.16,3.54
2012.5.17,3.54
2012.5.18,3.54
2012.5.21,3.54
2012.5.22,3.54
2012.5.23,3.54
2012.5.24,3.54
2012.5.25,3.54
2012.5.29,3.54
2012.5.30,3.54
2012.5.31,3.54
2012.6.1,3.54
2012.6.4,3.54
2012.6.5,3.54
2012.6.7,3.54
2012.6.8,3.54
2012.6.11,3.54
2012.6.12,3.54
2012.6.13,3.54
2012.6.14,3.54
2012.6.15,3.54
2012.6.18,3.54
2012.6.19,3.54
2012.6.20,3.54
2012.6.21,3.54
2012.6.22,3.54
2012.6.25,3.54
2012.6.26,3.54
2012.6.27,3.54
2012.6.28,3.54
2012.6.29,3.54
2012.7.2,3.54
2012.7.3,3.54
2012.7.4,3.54
2012.7.5,3.54
2012.7.6,3.54
2012.7.9,3.54
2012.7.10,3.54
2012.7.11,3.54
2012.7.12,3.27
2012.7.13,3.25
2012.7.16,3.25
2012.7.17,3.24
2012.7.18,3.23
2012.7.19,3.22
2012.7.20,3.21
2012.7.23,3.2
2012.7.24,3.2
2012.7.25,3.19
2012.7.26,3.19
2012.7.27,3.2
2012.7.30,3.2
2012.7.31,3.2
2012.8.1,3.2
2012.8.2,3.2
2012.8.3,3.2
2012.8.6,3.2
2012.8.7,3.2
2012.8.8,3.2
2012.8.9,3.2
2012.8.10,3.2
2012.8.13,3.2
2012.8.14,3.2
2012.8.16,3.21
2012.8.17,3.21
2012.8.20,3.21
2012.8.21,3.2
2012.8.22,3.19
2012.8.23,3.19
2012.8.24,3.19
2012.8.27,3.19
2012.8.28,3.18
2012.8.29,3.18
2012.8.30,3.17
2012.8.31,3.16
2012.9.3,3.16
2012.9.4,3.16
2012.9.5,3.16
2012.9.6,3.16
2012.9.7,3.16
2012.9.10,3.15
2012.9.11,3.15
2012.9.12,3.15
2012.9.13,3.15
2012.9.14,3.15
2012.9.17,3.15
2012.9.18,3.14
2012.9.19,3.13
2012.9.20,3.12
2012.9.21,3.12
2012.9.24,3.12
2012.9.25,3.11
2012.9.26,3.1
2012.9.27,3.1
2012.9.28,3.09
2012.10.2,3.09
2012.10.4,3.09
2012.10.5,3.09
2012.10.8,3.08
2012.10.9,3.08
2012.10.10,3.08
2012.10.11,2.9
2012.10.12,2.87
2012.10.15,2.87
2012.10.16,2.87
2012.10.17,2.87
2012.10.18,2.87
2012.10.19,2.87
2012.10.22,2.87
2012.10.23,2.86
2012.10.24,2.86
2012.10.25,2.85
2012.10.26,2.85
2012.10.29,2.85
2012.10.30,2.85
2012.10.31,2.85
2012.11.1,2.85
2012.11.2,2.85
2012.11.5,2.85
2012.11.6,2.85
2012.11.7,2.85
2012.11.8,2.85
2012.11.9,2.85
2012.11.12,2.85
2012.11.13,2.85
2012.11.14,2.85
2012.11.15,2.85
2012.11.16,2.85
2012.11.19,2.85
2012.11.20,2.85
2012.11.21,2.85
2012.11.22,2.85
2012.11.23,2.85
2012.11.26,2.85
2012.11.27,2.85
2012.11.28,2.85
2012.11.29,2.85
2012.11.30,2.85
2012.12.3,2.85
2012.12.4,2.85
2012.12.5,2.85
2012.12.6,2.85
2012.12.7,2.87
2012.12.10,2.88
2012.12.11,2.88
2012.12.12,2.89
2012.12.13,2.89
2012.12.14,2.89
2012.12.17,2.89
2012.12.18,2.89
2012.12.20,2.89
2012.12.21,2.89
2012.12.24,2.89
2012.12.26,2.89
2012.12.27,2.89
2012.12.28,2.89
2012.12.31,2.89
2013.1.2,2.89
2013.1.3,2.88
2013.1.4,2.88
2013.1.7,2.87
2013.1.8,2.87
2013.1.9,2.87
2013.1.10,2.87
2013.1.11,2.85
2013.1.14,2.85
2013.1.15,2.85
2013.1.16,2.85
2013.1.17,2.85
2013.1.18,2.85
2013.1.21,2.85
2013.1.22,2.85
2013.1.23,2.85
2013.1.24,2.84
2013.1.25,2.84
2013.1.28,2.84
2013.1.29,2.84
2013.1.30,2.84
2013.1.31,2.84
2013.2.1,2.84
2013.2.4,2.84
2013.2.5,2.84
2013.2.6,2.84
2013.2.7,2.84
2013.2.8,2.84
2013.2.12,2.84
2013.2.13,2.84
2013.2.14,2.83
2013.2.15,2.83
2013.2.18,2.83
2013.2.19,2.83
2013.2.20,2.83
2013.2.21,2.83
2013.2.22,2.83
2013.2.25,2.83
2013.2.26,2.82
2013.2.27,2.82
2013.2.28,2.82
2013.3.4,2.82
2013.3.5,2.82
2013.3.6,2.82
2013.3.7,2.82
2013.3.8,2.82
2013.3.11,2.82
2013.3.12,2.81
2013.3.13,2.81
2013.3.14,2.81
2013.3.15,2.81
2013.3.18,2.81
2013.3.19,2.81
2013.3.20,2.81
2013.3.21,2.81
2013.3.22,2.81
2013.3.25,2.81
2013.3.26,2.81
2013.3.27,2.81
2013.3.28,2.81
2013.3.29,2.81
2013.4.1,2.81
2013.4.2,2.81
2013.4.3,2.8
2013.4.4,2.8
2013.4.5,2.8
2013.4.8,2.8
2013.4.9,2.8
2013.4.10,2.8
2013.4.11,2.79
2013.4.12,2.79
2013.4.15,2.79
2013.4.16,2.79
2013.4.17,2.79
2013.4.18,2.79
2013.4.19,2.79
2013.4.22,2.79
2013.4.23,2.79
2013.4.24,2.79
2013.4.25,2.78
2013.4.26,2.79
2013.4.29,2.8
2013.4.30,2.81
2013.5.2,2.81
2013.5.3,2.81
2013.5.6,2.81
2013.5.7,2.81
2013.5.8,2.81
2013.5.9,2.69
2013.5.10,2.69
2013.5.13,2.69
2013.5.14,2.69
2013.5.15,2.69
2013.5.16,2.69
2013.5.20,2.69
2013.5.21,2.69
2013.5.22,2.69
2013.5.23,2.69
2013.5.24,2.69
2013.5.27,2.69
2013.5.28,2.69
2013.5.29,2.69
2013.5.30,2.69
2013.5.31,2.69
2013.6.3,2.69
2013.6.4,2.69
2013.6.5,2.69
2013.6.7,2.69
2013.6.10,2.69
2013.6.11,2.69
2013.6.12,2.69
2013.6.13,2.69
2013.6.14,2.69
2013.6.17,2.69
2013.6.18,2.69
2013.6.19,2.69
2013.6.20,2.69
2013.6.21,2.7
2013.6.24,2.69
2013.6.25,2.69
2013.6.26,2.69
2013.6.27,2.69
2013.6.28,2.69
2013.7.1,2.69
2013.7.2,2.69
2013.7.3,2.69
2013.7.4,2.69
2013.7.5,2.69
2013.7.8,2.69
2013.7.9,2.69
2013.7.10,2.69
2013.7.11,2.69
2013.7.12,2.69
2013.7.15,2.69
2013.7.16,2.69
2013.7.17,2.69
2013.7.18,2.69
2013.7.19,2.67
2013.7.22,2.67
2013.7.23,2.67
2013.7.24,2.66
2013.7.25,2.66
2013.7.26,2.66
2013.7.29,2.66
2013.7.30,2.66
2013.7.31,2.66
2013.8.1,2.66
2013.8.2,2.66
2013.8.5,2.66
2013.8.6,2.66
2013.8.7,2.66
2013.8.8,2.66
2013.8.9,2.66
2013.8.12,2.66
2013.8.13,2.66
2013.8.14,2.66
2013.8.16,2.66
2013.8.19,2.66
2013.8.20,2.66
2013.8.21,2.66
2013.8.22,2.66
2013.8.23,2.66
2013.8.26,2.66
2013.8.27,2.66
2013.8.28,2.66
2013.8.29,2.66
2013.8.30,2.66
2013.9.2,2.66
2013.9.3,2.66
2013.9.4,2.66
2013.9.5,2.66
2013.9.6,2.66
2013.9.9,2.66
2013.9.10,2.66
2013.9.11,2.66
2013.9.12,2.66
2013.9.13,2.66
2013.9.16,2.66
2013.9.17,2.66
2013.9.23,2.66
2013.9.24,2.66
2013.9.25,2.66
2013.9.26,2.66
2013.9.27,2.66
2013.9.30,2.66
2013.10.1,2.66
2013.10.2,2.66
2013.10.4,2.66
2013.10.7,2.66
2013.10.8,2.66
2013.10.10,2.66
2013.10.11,2.66
2013.10.14,2.66
2013.10.15,2.66
2013.10.16,2.66
2013.10.17,2.66
2013.10.18,2.66
2013.10.21,2.66
2013.10.22,2.66
2013.10.23,2.66
2013.10.24,2.66
2013.10.25,2.66
2013.10.28,2.66
2013.10.29,2.65
2013.10.30,2.65
2013.10.31,2.65
2013.11.1,2.65
2013.11.4,2.65
2013.11.5,2.65
2013.11.6,2.65
2013.11.7,2.65
2013.11.8,2.65
2013.11.11,2.65
2013.11.12,2.65
2013.11.13,2.65
2013.11.14,2.65
2013.11.15,2.65
2013.11.18,2.65
2013.11.19,2.65
2013.11.20,2.65
2013.11.21,2.65
2013.11.22,2.65
2013.11.25,2.65
2013.11.26,2.65
2013.11.27,2.65
2013.11.28,2.65
2013.11.29,2.65
2013.12.2,2.65
2013.12.3,2.65
2013.12.4,2.65
2013.12.5,2.65
2013.12.6,2.65
2013.12.9,2.65
2013.12.10,2.65
2013.12.11,2.65
2013.12.12,2.65
2013.12.13,2.65
2013.12.16,2.65
2013.12.17,2.65
2013.12.18,2.65
2013.12.19,2.65
2013.12.20,2.65
2013.12.23,2.65
2013.12.24,2.65
2013.12.26,2.65
2013.12.27,2.65
2013.12.30,2.66
2013.12.31,2.66
2014.1.2,2.66
2014.1.3,2.66
2014.1.6,2.66
2014.1.7,2.66
2014.1.8,2.66
2014.1.9,2.65
2014.1.10,2.65
2014.1.13,2.65
2014.1.14,2.65
2014.1.15,2.65
2014.1.16,2.65
2014.1.17,2.65
2014.1.20,2.65
2014.1.21,2.65
2014.1.22,2.65
2014.1.23,2.65
2014.1.24,2.65
2014.1.27,2.65
2014.1.28,2.65
2014.1.29,2.65
2014.2.3,2.65
2014.2.4,2.65
2014.2.5,2.65
2014.2.6,2.65
2014.2.7,2.65
2014.2.10,2.65
2014.2.11,2.65
2014.2.12,2.65
2014.2.13,2.65
2014.2.14,2.65
2014.2.17,2.65
2014.2.18,2.65
2014.2.19,2.65
2014.2.20,2.65
2014.2.21,2.65
2014.2.24,2.65
2014.2.25,2.65
2014.2.26,2.65
2014.2.27,2.65
2014.2.28,2.65
2014.3.3,2.65
2014.3.4,2.65
2014.3.5,2.65
2014.3.6,2.65
2014.3.7,2.65
2014.3.10,2.65
2014.3.11,2.65
2014.3.12,2.65
2014.3.13,2.65
2014.3.14,2.65
2014.3.17,2.65
2014.3.18,2.65
2014.3.19,2.65
2014.3.20,2.65
2014.3.21,2.65
2014.3.24,2.65
2014.3.25,2.65
2014.3.26,2.65
2014.3.27,2.65
2014.3.28,2.65
2014.3.31,2.65
2014.4.1,2.65
2014.4.2,2.65
2014.4.3,2.65
2014.4.4,2.65
2014.4.7,2.65
2014.4.8,2.65
2014.4.9,2.65
2014.4.10,2.65
2014.4.11,2.65
2014.4.14,2.65
2014.4.15,2.65
2014.4.16,2.65
2014.4.17,2.65
2014.4.18,2.65
2014.4.21,2.65
2014.4.22,2.65
2014.4.23,2.65
2014.4.24,2.65
2014.4.25,2.65
2014.4.28,2.65
2014.4.29,2.65
2014.4.30,2.65
2014.5.2,2.65
2014.5.7,2.65
2014.5.8,2.65
2014.5.9,2.65
2014.5.12,2.65
2014.5.13,2.65
2014.5.14,2.65
2014.5.15,2.65
2014.5.16,2.65
2014.5.19,2.65
2014.5.20,2.65
2014.5.21,2.65
2014.5.22,2.65
2014.5.23,2.65
2014.5.26,2.65
2014.5.27,2.65
2014.5.28,2.65
2014.5.29,2.65
2014.5.30,2.65
2014.6.2,2.65
2014.6.3,2.65
2014.6.5,2.65
2014.6.9,2.65
2014.6.10,2.65
2014.6.11,2.65
2014.6.12,2.65
2014.6.13,2.65
2014.6.16,2.65
2014.6.17,2.65
2014.6.18,2.65
2014.6.19,2.65
2014.6.20,2.65
2014.6.23,2.65
2014.6.24,2.65
2014.6.25,2.65
2014.6.26,2.65
2014.6.27,2.65
2014.6.30,2.65
2014.7.1,2.65
2014.7.2,2.65
2014.7.3,2.65
2014.7.4,2.65
2014.7.7,2.65
2014.7.8,2.65
2014.7.9,2.65
2014.7.10,2.65
2014.7.11,2.65
2014.7.14,2.65
2014.7.15,2.65
2014.7.16,2.65
2014.7.17,2.65
2014.7.18,2.65
2014.7.21,2.65
2014.7.22,2.65
2014.7.23,2.65
2014.7.24,2.65
2014.7.25,2.65
2014.7.28,2.65
2014.7.29,2.65
2014.7.30,2.65
2014.7.31,2.65
2014.8.1,2.65
2014.8.4,2.65
2014.8.5,2.65
2014.8.6,2.65
2014.8.7,2.65
2014.8.8,2.65
2014.8.11,2.63
2014.8.12,2.62
2014.8.13,2.61
2014.8.14,2.46
2014.8.18,2.43
2014.8.19,2.42
2014.8.20,2.42
2014.8.21,2.42
2014.8.22,2.41
2014.8.25,2.41
2014.8.26,2.4
2014.8.27,2.4
2014.8.28,2.4
2014.8.29,2.4
2014.9.1,2.4
2014.9.2,2.36
2014.9.3,2.36
2014.9.4,2.35
2014.9.5,2.35
2014.9.11,2.35
2014.9.12,2.35
2014.9.15,2.35
2014.9.16,2.35
2014.9.17,2.35
2014.9.18,2.35
2014.9.19,2.35
2014.9.22,2.35
2014.9.23,2.35
2014.9.24,2.35
2014.9.25,2.35
2014.9.26,2.35
2014.9.29,2.35
2014.9.30,2.35
2014.10.1,2.35
2014.10.2,2.35
2014.10.6,2.35
2014.10.7,2.31
2014.10.8,2.3
2014.10.10,2.29
2014.10.13,2.28
2014.10.14,2.28
2014.10.15,2.18
2014.10.16,2.17
2014.10.17,2.17
2014.10.20,2.16
2014.10.21,2.15
2014.10.22,2.15
2014.10.23,2.14
2014.10.24,2.14
2014.10.27,2.14
2014.10.28,2.14
2014.10.29,2.14
2014.10.30,2.14
2014.10.31,2.14
2014.11.3,2.14
2014.11.4,2.14
2014.11.5,2.14
2014.11.6,2.14
2014.11.7,2.14
2014.11.10,2.14
2014.11.11,2.14
2014.11.12,2.14
2014.11.13,2.14
2014.11.14,2.14
2014.11.17,2.14
2014.11.18,2.14
2014.11.19,2.14
2014.11.20,2.14
2014.11.21,2.14
2014.11.24,2.14
2014.11.25,2.13
2014.11.26,2.13
2014.11.27,2.13
2014.11.28,2.13
2014.12.1,2.13
2014.12.2,2.13
2014.12.3,2.13
2014.12.4,2.13
2014.12.5,2.13
2014.12.8,2.13
2014.12.9,2.13
2014.12.10,2.13
2014.12.11,2.13
2014.12.12,2.13
2014.12.15,2.13
2014.12.16,2.13
2014.12.17,2.13
2014.12.18,2.13
2014.12.19,2.13
2014.12.22,2.13
2014.12.23,2.13
2014.12.24,2.13
2014.12.26,2.13
2014.12.29,2.13
2014.12.30,2.13
2014.12.31,2.13
2015.1.2,2.13
2015.1.5,2.13
2015.1.6,2.13
2015.1.7,2.13
2015.1.8,2.13
2015.1.9,2.13
2015.1.12,2.13
2015.1.13,2.13
2015.1.14,2.13
2015.1.15,2.13
2015.1.16,2.13
2015.1.19,2.13
2015.1.20,2.13
2015.1.21,2.13
2015.1.22,2.13
2015.1.23,2.13
2015.1.26,2.13
2015.1.27,2.13
2015.1.28,2.12
2015.1.29,2.12
2015.1.30,2.12
2015.2.2,2.12
2015.2.3,2.12
2015.2.4,2.12
2015.2.5,2.12
2015.2.6,2.12
2015.2.9,2.12
2015.2.10,2.12
2015.2.11,2.12
2015.2.12,2.12
2015.2.13,2.12
2015.2.16,2.12
2015.2.17,2.12
2015.2.23,2.12
2015.2.24,2.1
2015.2.25,2.1
2015.2.26,2.1
2015.2.27,2.1
2015.3.2,2.1
2015.3.3,2.1
2015.3.4,2.1
2015.3.5,2.1
2015.3.6,2.1
2015.3.9,2.1
2015.3.10,2.1
2015.3.11,2.1
2015.3.12,1.91
2015.3.13,1.9
2015.3.16,1.89
2015.3.17,1.88
2015.3.18,1.87
2015.3.19,1.87
2015.3.20,1.86
2015.3.23,1.86
2015.3.24,1.86
2015.3.25,1.86
2015.3.26,1.86
2015.3.27,1.86
2015.3.30,1.85
2015.3.31,1.85
2015.4.1,1.85
2015.4.2,1.85
2015.4.3,1.85
2015.4.6,1.85
2015.4.7,1.83
2015.4.8,1.83
2015.4.9,1.82
2015.4.10,1.8
2015.4.13,1.8
2015.4.14,1.8
2015.4.15,1.8
2015.4.16,1.8
2015.4.17,1.8
2015.4.20,1.8
2015.4.21,1.8
2015.4.22,1.8
2015.4.23,1.8
2015.4.24,1.8
2015.4.27,1.8
2015.4.28,1.8
2015.4.29,1.8
2015.4.30,1.8
2015.5.4,1.8
2015.5.6,1.8
2015.5.7,1.8
2015.5.8,1.8
2015.5.11,1.8
2015.5.12,1.8
2015.5.13,1.8
2015.5.14,1.8
2015.5.15,1.8
2015.5.18,1.8
2015.5.19,1.8
2015.5.20,1.8
2015.5.21,1.8
2015.5.22,1.8
2015.5.26,1.8
2015.5.27,1.8
2015.5.28,1.8
2015.5.29,1.8
2015.6.1,1.8
2015.6.2,1.8
2015.6.3,1.8
2015.6.4,1.8
2015.6.5,1.8
2015.6.8,1.8
2015.6.9,1.8
2015.6.10,1.8
2015.6.11,1.65
2015.6.12,1.65
2015.6.15,1.65
2015.6.16,1.65
2015.6.17,1.65
2015.6.18,1.65
2015.6.19,1.65
2015.6.22,1.65
2015.6.23,1.65
2015.6.24,1.65
2015.6.25,1.65
2015.6.26,1.65
2015.6.29,1.65
2015.6.30,1.65
2015.7.1,1.65
2015.7.2,1.65
2015.7.3,1.65
2015.7.6,1.65
2015.7.7,1.65
2015.7.8,1.65
2015.7.9,1.65
2015.7.10,1.65
2015.7.13,1.65
2015.7.14,1.65
2015.7.15,1.65
2015.7.16,1.65
2015.7.17,1.65
2015.7.20,1.65
2015.7.21,1.65
2015.7.22,1.65
2015.7.23,1.65
2015.7.24,1.65
2015.7.27,1.64
2015.7.28,1.64
2015.7.29,1.64
2015.7.30,1.64
2015.7.31,1.64
2015.8.3,1.64
2015.8.4,1.64
2015.8.5,1.64
2015.8.6,1.64
2015.8.7,1.64
2015.8.10,1.64
2015.8.11,1.64
2015.8.12,1.64
2015.8.13,1.64
2015.8.17,1.64
2015.8.18,1.64
2015.8.19,1.64
2015.8.20,1.64
2015.8.21,1.64
2015.8.24,1.64
2015.8.25,1.64
2015.8.26,1.64
2015.8.27,1.64
2015.8.28,1.64
2015.8.31,1.63
2015.9.1,1.63
2015.9.2,1.61
2015.9.3,1.61
2015.9.4,1.6
2015.9.7,1.6
2015.9.8,1.6
2015.9.9,1.6
2015.9.10,1.6
2015.9.11,1.6
2015.9.14,1.6
2015.9.15,1.6
2015.9.16,1.6
2015.9.17,1.6
2015.9.18,1.6
2015.9.21,1.6
2015.9.22,1.6
2015.9.23,1.6
2015.9.24,1.6
2015.9.25,1.6
2015.9.30,1.59
2015.10.1,1.59
2015.10.2,1.59
2015.10.5,1.59
2015.10.6,1.59
2015.10.7,1.59
2015.10.8,1.59
2015.10.12,1.59
2015.10.13,1.58
2015.10.14,1.57
2015.10.15,1.57
2015.10.16,1.57
2015.10.19,1.57
2015.10.20,1.57
2015.10.21,1.57
2015.10.22,1.57
2015.10.23,1.57
2015.10.26,1.57
2015.10.27,1.57
2015.10.28,1.57
2015.10.29,1.57
2015.10.30,1.57
2015.11.2,1.57
2015.11.3,1.57
2015.11.4,1.57
2015.11.5,1.57
2015.11.6,1.57
2015.11.9,1.57
2015.11.10,1.57
2015.11.11,1.57
2015.11.12,1.58
2015.11.13,1.58
2015.11.16,1.58
2015.11.17,1.58
2015.11.18,1.58
2015.11.19,1.58
2015.11.20,1.58
2015.11.23,1.59
2015.11.24,1.59
2015.11.25,1.59
2015.11.26,1.62
2015.11.27,1.62
2015.11.30,1.66
2015.12.1,1.67
2015.12.2,1.67
2015.12.3,1.67
2015.12.4,1.67
2015.12.7,1.67
2015.12.8,1.67
2015.12.9,1.67
2015.12.10,1.67
2015.12.11,1.67
2015.12.14,1.67
2015.12.15,1.67
2015.12.16,1.67
2015.12.17,1.67
2015.12.18,1.67
2015.12.21,1.67
2015.12.22,1.67
2015.12.23,1.67
2015.12.24,1.67
2015.12.28,1.67
2015.12.29,1.67
2015.12.30,1.67
2015.12.31,1.67
2016.1.4,1.67
2016.1.5,1.67
2016.1.6,1.67
2016.1.7,1.67
2016.1.8,1.67
2016.1.11,1.67
2016.1.12,1.67
2016.1.13,1.67
2016.1.14,1.67
2016.1.15,1.67
2016.1.18,1.67
2016.1.19,1.67
2016.1.20,1.67
2016.1.21,1.67
2016.1.22,1.67
2016.1.25,1.65
2016.1.26,1.65
2016.1.27,1.65
2016.1.28,1.65
2016.1.29,1.65
2016.2.1,1.65
2016.2.2,1.65
2016.2.3,1.65
2016.2.4,1.65
2016.2.5,1.65
2016.2.11,1.64
2016.2.12,1.64
2016.2.15,1.64
2016.2.16,1.63
2016.2.17,1.63
2016.2.18,1.63
2016.2.19,1.63
2016.2.22,1.63
2016.2.23,1.63
2016.2.24,1.63
2016.2.25,1.63
2016.2.26,1.63
2016.2.29,1.63
2016.3.2,1.63
2016.3.3,1.63
2016.3.4,1.63
2016.3.7,1.63
2016.3.8,1.63
2016.3.9,1.63
2016.3.10,1.63
2016.3.11,1.63
2016.3.14,1.63
2016.3.15,1.63
2016.3.16,1.63
2016.3.17,1.63
2016.3.18,1.63
2016.3.21,1.63
2016.3.22,1.63
2016.3.23,1.63
2016.3.24,1.63
2016.3.25,1.63
2016.3.28,1.61
2016.3.29,1.61
2016.3.30,1.61
2016.3.31,1.61
2016.4.1,1.61
2016.4.4,1.61
2016.4.5,1.61
2016.4.6,1.61
2016.4.7,1.61
2016.4.8,1.61
2016.4.11,1.61
2016.4.12,1.61
2016.4.14,1.61
2016.4.15,1.61
2016.4.18,1.61
2016.4.19,1.61
2016.4.20,1.61
2016.4.21,1.61
2016.4.22,1.61
2016.4.25,1.61
2016.4.26,1.61
2016.4.27,1.61
2016.4.28,1.61
2016.4.29,1.61
2016.5.2,1.61
2016.5.3,1.61
2016.5.4,1.61
2016.5.9,1.61
2016.5.10,1.6
2016.5.11,1.6
2016.5.12,1.6
2016.5.13,1.6
2016.5.16,1.58
2016.5.17,1.58
2016.5.18,1.58
2016.5.19,1.56
2016.5.20,1.56
2016.5.23,1.56
2016.5.24,1.56
2016.5.25,1.56
2016.5.26,1.56
2016.5.27,1.56
2016.5.30,1.56
2016.5.31,1.56
2016.6.1,1.56
2016.6.2,1.56
2016.6.3,1.56
2016.6.7,1.56
2016.6.8,1.56
2016.6.9,1.39
2016.6.10,1.39
2016.6.13,1.39
2016.6.14,1.39
2016.6.15,1.39
2016.6.16,1.39
2016.6.17,1.39
2016.6.20,1.39
2016.6.21,1.39
2016.6.22,1.39
2016.6.23,1.39
2016.6.24,1.37
2016.6.27,1.37
2016.6.28,1.37
2016.6.29,1.37
2016.6.30,1.37
2016.7.1,1.37
2016.7.4,1.37
2016.7.5,1.37
2016.7.6,1.37
2016.7.7,1.36
2016.7.8,1.36
2016.7.11,1.36
2016.7.12,1.36
2016.7.13,1.36
2016.7.14,1.36
2016.7.15,1.36
2016.7.18,1.36
2016.7.19,1.36
2016.7.20,1.36
2016.7.21,1.36
2016.7.22,1.36
2016.7.25,1.36
2016.7.26,1.36
2016.7.27,1.36
2016.7.28,1.36
2016.7.29,1.36
2016.8.1,1.36
2016.8.2,1.36
2016.8.3,1.36
2016.8.4,1.36
2016.8.5,1.36
2016.8.8,1.36
2016.8.9,1.36
2016.8.10,1.36
2016.8.11,1.35
2016.8.12,1.35
2016.8.16,1.35
2016.8.17,1.35
2016.8.18,1.34
2016.8.19,1.34
2016.8.22,1.34
2016.8.23,1.34
2016.8.24,1.34
2016.8.25,1.34
2016.8.26,1.34
2016.8.29,1.34
2016.8.30,1.34
2016.8.31,1.34
2016.9.1,1.34
2016.9.2,1.34
2016.9.5,1.34
2016.9.6,1.34
2016.9.7,1.34
2016.9.8,1.34
2016.9.9,1.34
2016.9.12,1.34
2016.9.13,1.34
2016.9.19,1.34
2016.9.20,1.34
2016.9.21,1.34
2016.9.22,1.34
2016.9.23,1.34
2016.9.26,1.34
2016.9.27,1.34
2016.9.28,1.34
2016.9.29,1.34
2016.9.30,1.34
2016.10.4,1.34
2016.10.5,1.34
2016.10.6,1.34
2016.10.7,1.34
2016.10.10,1.34
2016.10.11,1.34
2016.10.12,1.34
2016.10.13,1.34
2016.10.14,1.34
2016.10.17,1.34
2016.10.18,1.34
2016.10.19,1.34
2016.10.20,1.34
2016.10.21,1.36
2016.10.24,1.37
2016.10.25,1.38
2016.10.26,1.39
2016.10.27,1.39
2016.10.28,1.39
2016.10.31,1.39
2016.11.1,1.39
2016.11.2,1.39
2016.11.3,1.39
2016.11.4,1.39
2016.11.7,1.39
2016.11.8,1.39
2016.11.9,1.39
2016.11.10,1.39
2016.11.11,1.39
2016.11.14,1.39
2016.11.15,1.39
2016.11.16,1.39
2016.11.17,1.4
2016.11.18,1.4
2016.11.21,1.41
2016.11.22,1.42
2016.11.23,1.43
2016.11.24,1.46
2016.11.25,1.48
2016.11.28,1.49
2016.11.29,1.52
2016.11.30,1.52
2016.12.1,1.53
2016.12.2,1.54
2016.12.5,1.54
2016.12.6,1.54
2016.12.7,1.54
2016.12.8,1.54
2016.12.9,1.54
2016.12.12,1.54
2016.12.13,1.54
2016.12.14,1.54
2016.12.15,1.54
2016.12.16,1.54
2016.12.19,1.54
2016.12.20,1.54
2016.12.21,1.54
2016.12.22,1.54
2016.12.23,1.54
2016.12.26,1.54
2016.12.27,1.54
2016.12.28,1.53
2016.12.29,1.52
2016.12.30,1.52
2017.1.2,1.52
2017.1.3,1.52
2017.1.4,1.51
2017.1.5,1.51
2017.1.6,1.49
2017.1.9,1.49
2017.1.10,1.49
2017.1.11,1.49
2017.1.12,1.49
2017.1.13,1.49
2017.1.16,1.49
2017.1.17,1.49
2017.1.18,1.49
2017.1.19,1.49
2017.1.20,1.49
2017.1.23,1.49
2017.1.24,1.49
2017.1.25,1.49
2017.1.26,1.49
2017.1.31,1.49
2017.2.1,1.49
2017.2.2,1.49
2017.2.3,1.49
2017.2.6,1.49
2017.2.7,1.49
2017.2.8,1.49
2017.2.9,1.49
2017.2.10,1.49
2017.2.13,1.49
2017.2.14,1.49
2017.2.15,1.49
2017.2.16,1.49
2017.2.17,1.49
2017.2.20,1.49
2017.2.21,1.49
2017.2.22,1.49
2017.2.23,1.49
2017.2.24,1.49
2017.2.27,1.49
2017.2.28,1.49
2017.3.2,1.49
2017.3.3,1.49
2017.3.6,1.49
2017.3.7,1.49
2017.3.8,1.49
2017.3.9,1.49
2017.3.10,1.49
2017.3.13,1.49
2017.3.14,1.49
2017.3.15,1.49
2017.3.16,1.48
2017.3.17,1.48
2017.3.20,1.48
2017.3.21,1.48
2017.3.22,1.48
2017.3.23,1.47
2017.3.24,1.47
2017.3.27,1.47
2017.3.28,1.47
2017.3.29,1.45
2017.3.30,1.45
2017.3.31,1.45
2017.4.3,1.45
2017.4.4,1.45
2017.4.5,1.45
2017.4.6,1.45
2017.4.7,1.45
2017.4.10,1.45
2017.4.11,1.45
2017.4.12,1.43
2017.4.13,1.43
2017.4.14,1.42
2017.4.17,1.42
2017.4.18,1.42
2017.4.19,1.42
2017.4.20,1.42
2017.4.21,1.42
2017.4.24,1.42
2017.4.25,1.42
2017.4.26,1.41
2017.4.27,1.41
2017.4.28,1.41
2017.5.2,1.41
2017.5.4,1.41
2017.5.8,1.41
2017.5.10,1.41
2017.5.11,1.4
2017.5.12,1.4
2017.5.15,1.4
2017.5.16,1.4
2017.5.17,1.39
2017.5.18,1.39
2017.5.19,1.39
2017.5.22,1.39
2017.5.23,1.38
2017.5.24,1.38
2017.5.25,1.38
2017.5.26,1.38
2017.5.29,1.38
2017.5.30,1.38
2017.5.31,1.38
2017.6.1,1.38
2017.6.2,1.38
2017.6.5,1.38
2017.6.7,1.38
2017.6.8,1.38
2017.6.9,1.38
2017.6.12,1.38
2017.6.13,1.38
2017.6.14,1.38
2017.6.15,1.38
2017.6.16,1.38
2017.6.19,1.38
2017.6.20,1.38
2017.6.21,1.38
2017.6.22,1.38
2017.6.23,1.38
2017.6.26,1.38
2017.6.27,1.38
2017.6.28,1.38
2017.6.29,1.38
2017.6.30,1.38
2017.7.3,1.38
2017.7.4,1.38
2017.7.5,1.38
2017.7.6,1.39
2017.7.7,1.39
2017.7.10,1.39
2017.7.11,1.39
2017.7.12,1.39
2017.7.13,1.39
2017.7.14,1.39
2017.7.17,1.39
2017.7.18,1.39
2017.7.19,1.39
2017.7.20,1.39
2017.7.21,1.39
2017.7.24,1.39
2017.7.25,1.39
2017.7.26,1.39
2017.7.27,1.39
2017.7.28,1.39
2017.7.31,1.39
2017.8.1,1.39
2017.8.2,1.39
2017.8.3,1.39
2017.8.4,1.39
2017.8.7,1.39
2017.8.8,1.39
2017.8.9,1.39
2017.8.10,1.39
2017.8.11,1.39
2017.8.14,1.39
2017.8.16,1.39
2017.8.17,1.39
2017.8.18,1.39
2017.8.21,1.39
2017.8.22,1.39
2017.8.23,1.39
2017.8.24,1.39
2017.8.25,1.39
2017.8.28,1.39
2017.8.29,1.38
2017.8.30,1.38
2017.8.31,1.38
2017.9.1,1.38
2017.9.4,1.38
2017.9.5,1.38
2017.9.6,1.38
2017.9.7,1.38
2017.9.8,1.38
2017.9.11,1.38
2017.9.12,1.38
2017.9.13,1.38
2017.9.14,1.38
2017.9.15,1.38
2017.9.18,1.38
2017.9.19,1.38
2017.9.20,1.38
2017.9.21,1.38
2017.9.22,1.38
2017.9.25,1.38
2017.9.26,1.38
2017.9.27,1.38
2017.9.28,1.38
2017.9.29,1.38
2017.10.10,1.38
2017.10.11,1.38
2017.10.12,1.38
2017.10.13,1.38
2017.10.16,1.38
2017.10.17,1.38
2017.10.18,1.38
2017.10.19,1.38
2017.10.20,1.38
2017.10.23,1.38
2017.10.24,1.38
2017.10.25,1.38
2017.10.26,1.38
2017.10.27,1.4
2017.10.30,1.4
2017.10.31,1.4
2017.11.1,1.4
2017.11.2,1.4
2017.11.3,1.4
2017.11.6,1.4
2017.11.7,1.4
2017.11.8,1.4
2017.11.9,1.4
2017.11.10,1.4
2017.11.13,1.41
2017.11.14,1.42
2017.11.15,1.43
2017.11.16,1.44
2017.11.17,1.45
2017.11.20,1.46
2017.11.21,1.47
2017.11.22,1.48
2017.11.23,1.49
2017.11.24,1.5
2017.11.27,1.5
2017.11.28,1.5
2017.11.29,1.51
2017.11.30,1.64
2017.12.1,1.66
2017.12.4,1.66
2017.12.5,1.66
2017.12.6,1.66
2017.12.7,1.66
2017.12.8,1.66
2017.12.11,1.66
2017.12.12,1.66
2017.12.13,1.66
2017.12.14,1.66
2017.12.15,1.66
2017.12.18,1.66
2017.12.19,1.66
2017.12.20,1.66
2017.12.21,1.66
2017.12.22,1.66
2017.12.26,1.66
2017.12.27,1.66
2017.12.28,1.66
2017.12.29,1.66
2018.1.2,1.66
2018.1.3,1.66
2018.1.4,1.66
2018.1.5,1.66
2018.1.8,1.66
2018.1.9,1.66
2018.1.10,1.66
2018.1.11,1.66
2018.1.12,1.66
2018.1.15,1.66
2018.1.16,1.66
2018.1.17,1.65
2018.1.18,1.65
2018.1.19,1.65
2018.1.22,1.65
2018.1.23,1.65
2018.1.24,1.65
2018.1.25,1.65
2018.1.26,1.65
2018.1.29,1.65
2018.1.30,1.65
2018.1.31,1.65
2018.2.1,1.65
2018.2.2,1.65
2018.2.5,1.65
2018.2.6,1.65
2018.2.7,1.65
2018.2.8,1.65
2018.2.9,1.65
2018.2.12,1.65
2018.2.13,1.65
2018.2.14,1.65
2018.2.19,1.65
2018.2.20,1.65
2018.2.21,1.65
2018.2.22,1.65
2018.2.23,1.65
2018.2.26,1.65
2018.2.27,1.65
2018.2.28,1.65
2018.3.2,1.65
2018.3.5,1.65
2018.3.6,1.65
2018.3.7,1.65
2018.3.8,1.65
2018.3.9,1.65
2018.3.12,1.65
2018.3.13,1.65
2018.3.14,1.65
2018.3.15,1.65
2018.3.16,1.65
2018.3.19,1.65
2018.3.20,1.65
2018.3.21,1.65
2018.3.22,1.65
2018.3.23,1.65
2018.3.26,1.65
2018.3.27,1.65
2018.3.28,1.65
2018.3.29,1.65
2018.3.30,1.65
2018.4.2,1.65
2018.4.3,1.65
2018.4.4,1.65
2018.4.5,1.65
2018.4.6,1.65
2018.4.9,1.65
2018.4.10,1.65
2018.4.11,1.65
2018.4.12,1.65
2018.4.13,1.65
2018.4.16,1.65
2018.4.17,1.65
2018.4.18,1.65
2018.4.19,1.65
2018.4.20,1.65
2018.4.23,1.65
2018.4.24,1.65
2018.4.25,1.65
2018.4.26,1.65
2018.4.27,1.65
2018.4.30,1.65
2018.5.2,1.65
2018.5.3,1.65
2018.5.4,1.65
2018.5.8,1.65
2018.5.9,1.65
2018.5.10,1.65
2018.5.11,1.65
2018.5.14,1.65
2018.5.15,1.65
2018.5.16,1.65
2018.5.17,1.65
2018.5.18,1.65
2018.5.21,1.65
2018.5.23,1.65
2018.5.24,1.65
2018.5.25,1.65
2018.5.28,1.65
2018.5.29,1.65
2018.5.30,1.65
2018.5.31,1.65
2018.6.1,1.65
2018.6.4,1.65
2018.6.5,1.65
2018.6.7,1.65
2018.6.8,1.65
2018.6.11,1.65
2018.6.12,1.65
2018.6.14,1.65
2018.6.15,1.65
2018.6.18,1.65
2018.6.19,1.65
2018.6.20,1.65
2018.6.21,1.65
2018.6.22,1.65
2018.6.25,1.65
2018.6.26,1.65
2018.6.27,1.65
2018.6.28,1.65
2018.6.29,1.65
2018.7.2,1.65
2018.7.3,1.65
2018.7.4,1.65
2018.7.5,1.65
2018.7.6,1.65
2018.7.9,1.65
2018.7.10,1.65
2018.7.11,1.65
2018.7.12,1.65
2018.7.13,1.65
2018.7.16,1.65
2018.7.17,1.65
2018.7.18,1.65
2018.7.19,1.65
2018.7.20,1.65
2018.7.23,1.65
2018.7.24,1.65
2018.7.25,1.65
2018.7.26,1.65
2018.7.27,1.65
2018.7.30,1.65
2018.7.31,1.65
2018.8.1,1.65
2018.8.2,1.65
2018.8.3,1.65
2018.8.6,1.65
2018.8.7,1.65
2018.8.8,1.65
2018.8.9,1.65
2018.8.10,1.65
2018.8.13,1.65
2018.8.14,1.65
2018.8.16,1.65
2018.8.17,1.65
2018.8.20,1.65
2018.8.21,1.65
2018.8.22,1.65
2018.8.23,1.65
2018.8.24,1.65
2018.8.27,1.65
2018.8.28,1.65
2018.8.29,1.65
2018.8.30,1.65
2018.8.31,1.65
2018.9.3,1.65
2018.9.4,1.65
2018.9.5,1.65
2018.9.6,1.65
2018.9.7,1.65
2018.9.10,1.65
2018.9.11,1.65
2018.9.12,1.65
2018.9.13,1.65
2018.9.14,1.65
2018.9.17,1.65
2018.9.18,1.65
2018.9.19,1.65
2018.9.20,1.65
2018.9.21,1.65
2018.9.27,1.65
2018.9.28,1.65
2018.10.1,1.65
2018.10.2,1.65
2018.10.4,1.65
2018.10.5,1.65
2018.10.8,1.65
2018.10.10,1.65
2018.10.11,1.65
2018.10.12,1.66
2018.10.15,1.67
2018.10.16,1.68
2018.10.17,1.68
2018.10.18,1.69
2018.10.19,1.7
2018.10.22,1.7
2018.10.23,1.7
2018.10.24,1.7
2018.10.25,1.7
2018.10.26,1.7
2018.10.29,1.7
2018.10.30,1.7
2018.10.31,1.7
2018.11.1,1.7
2018.11.2,1.7
2018.11.5,1.7
2018.11.6,1.7
2018.11.7,1.7
2018.11.8,1.7
2018.11.9,1.7
2018.11.12,1.7
2018.11.13,1.7
2018.11.14,1.7
2018.11.15,1.7
2018.11.16,1.7
2018.11.19,1.7
2018.11.20,1.7
2018.11.21,1.7
2018.11.22,1.7
2018.11.23,1.7
2018.11.26,1.7
2018.11.27,1.7
2018.11.28,1.7
2018.11.29,1.7
2018.11.30,1.9
2018.12.3,1.9
2018.12.4,1.9
2018.12.5,1.9
2018.12.6,1.9
2018.12.7,1.9
2018.12.10,1.9
2018.12.11,1.9
2018.12.12,1.9
2018.12.13,1.9
2018.12.14,1.9
2018.12.17,1.9
2018.12.18,1.9
2018.12.19,1.9
2018.12.20,1.9
2018.12.21,1.9
2018.12.24,1.9
2018.12.26,1.92
2018.12.27,1.92
2018.12.28,1.93
2018.12.31,1.93
2019.1.2,1.93
2019.1.3,1.92
2019.1.4,1.86
2019.1.7,1.86
2019.1.8,1.86
2019.1.9,1.86
2019.1.10,1.86
2019.1.11,1.86
2019.1.14,1.86
2019.1.15,1.86
2019.1.16,1.86
2019.1.17,1.86
2019.1.18,1.86
2019.1.21,1.86
2019.1.22,1.86
2019.1.23,1.86
2019.1.24,1.86
2019.1.25,1.86
2019.1.28,1.86
2019.1.29,1.86
2019.1.30,1.86
2019.1.31,1.86
2019.2.1,1.86
2019.2.7,1.86
2019.2.8,1.86
2019.2.11,1.86
2019.2.12,1.86
2019.2.13,1.86
2019.2.14,1.86
2019.2.15,1.86
2019.2.18,1.87
2019.2.19,1.88
2019.2.20,1.89
2019.2.21,1.89
2019.2.22,1.89
2019.2.25,1.89
2019.2.26,1.89
2019.2.27,1.89
2019.2.28,1.89
2019.3.4,1.89
2019.3.5,1.89
2019.3.6,1.89
2019.3.7,1.89
2019.3.8,1.89
2019.3.11,1.89
2019.3.12,1.89
2019.3.13,1.89
2019.3.14,1.89
2019.3.15,1.9
2019.3.18,1.9
2019.3.19,1.9
2019.3.20,1.9
2019.3.21,1.9
2019.3.22,1.9
2019.3.25,1.9
2019.3.26,1.9
2019.3.27,1.9
2019.3.28,1.9
2019.3.29,1.9
2019.4.1,1.9
2019.4.2,1.89
2019.4.3,1.87
2019.4.4,1.87
2019.4.5,1.86
2019.4.8,1.86
2019.4.9,1.86
2019.4.10,1.86
2019.4.11,1.86
2019.4.12,1.86
2019.4.15,1.86
2019.4.16,1.86
2019.4.17,1.86
2019.4.18,1.86
2019.4.19,1.86
2019.4.22,1.85
2019.4.23,1.85
2019.4.24,1.85
2019.4.25,1.85
2019.4.26,1.84
2019.4.29,1.84
2019.4.30,1.84
2019.5.2,1.84
2019.5.3,1.84
2019.5.7,1.84
2019.5.8,1.84
2019.5.9,1.84
2019.5.10,1.84
2019.5.13,1.84
2019.5.14,1.84
2019.5.15,1.84
2019.5.16,1.84
2019.5.17,1.84
2019.5.20,1.84
2019.5.21,1.84
2019.5.22,1.84
2019.5.23,1.84
2019.5.24,1.84
2019.5.27,1.84
2019.5.28,1.84
2019.5.29,1.84
2019.5.30,1.84
2019.5.31,1.84
2019.6.3,1.82
2019.6.4,1.82
2019.6.5,1.82
2019.6.7,1.82
2019.6.10,1.82
2019.6.11,1.82
2019.6.12,1.81
2019.6.13,1.81
2019.6.14,1.81
2019.6.17,1.8
2019.6.18,1.8
2019.6.19,1.8
2019.6.20,1.8
2019.6.21,1.8
2019.6.24,1.79
2019.6.25,1.79
2019.6.26,1.78
2019.6.27,1.78
2019.6.28,1.78
2019.7.1,1.78
2019.7.2,1.78
2019.7.3,1.78
2019.7.4,1.78
2019.7.5,1.78
2019.7.8,1.78
2019.7.9,1.78
2019.7.10,1.78
2019.7.11,1.78
2019.7.12,1.78
2019.7.15,1.78
2019.7.16,1.78
2019.7.17,1.73
2019.7.18,1.61
2019.7.19,1.59
2019.7.22,1.59
2019.7.23,1.59
2019.7.24,1.56
2019.7.25,1.54
2019.7.26,1.53
2019.7.29,1.53
2019.7.30,1.52
2019.7.31,1.5
2019.8.1,1.5
2019.8.2,1.5
2019.8.5,1.5
2019.8.6,1.49
2019.8.7,1.49
2019.8.8,1.49
2019.8.9,1.49
2019.8.12,1.49
2019.8.13,1.49
2019.8.14,1.49
2019.8.16,1.49
2019.8.19,1.49
2019.8.20,1.49
2019.8.21,1.49
2019.8.22,1.49
2019.8.23,1.49
2019.8.26,1.49
2019.8.27,1.49
2019.8.28,1.49
2019.8.29,1.49
2019.8.30,1.49
2019.9.2,1.49
2019.9.3,1.49
2019.9.4,1.5
2019.9.5,1.53
2019.9.6,1.54
2019.9.9,1.54
2019.9.10,1.54
2019.9.11,1.54
2019.9.16,1.54
2019.9.17,1.54
2019.9.18,1.54
2019.9.19,1.55
2019.9.20,1.55
2019.9.23,1.55
2019.9.24,1.55
2019.9.25,1.55
2019.9.26,1.55
2019.9.27,1.55
2019.9.30,1.55
2019.10.1,1.55
2019.10.2,1.55
2019.10.4,1.55
2019.10.7,1.55
2019.10.8,1.55
2019.10.10,1.55
2019.10.11,1.55
2019.10.14,1.55
2019.10.15,1.55
2019.10.16,1.36
2019.10.17,1.36
2019.10.18,1.36
2019.10.21,1.36
2019.10.22,1.36
2019.10.23,1.36
2019.10.24,1.37
2019.10.25,1.37
2019.10.28,1.44
2019.10.29,1.44
2019.10.30,1.44
2019.10.31,1.44
2019.11.1,1.44
2019.11.4,1.46
2019.11.5,1.49
2019.11.6,1.5
2019.11.7,1.52
2019.11.8,1.52
2019.11.11,1.53
2019.11.12,1.53
2019.11.13,1.53
2019.11.14,1.53
2019.11.15,1.53
2019.11.18,1.53
2019.11.19,1.53
2019.11.20,1.53
2019.11.21,1.53
2019.11.22,1.53
2019.11.25,1.53
2019.11.26,1.53
2019.11.27,1.53
2019.11.28,1.53
2019.11.29,1.53
2019.12.2,1.53
2019.12.3,1.53
2019.12.4,1.53
2019.12.5,1.53
2019.12.6,1.53
2019.12.9,1.53
2019.12.10,1.53
2019.12.11,1.53
2019.12.12,1.53
2019.12.13,1.53
2019.12.16,1.53
2019.12.17,1.53
2019.12.18,1.53
2019.12.19,1.53
2019.12.20,1.53
2019.12.23,1.53
2019.12.24,1.53
2019.12.26,1.53
2019.12.27,1.53
2019.12.30,1.53
2019.12.31,1.53
2020.1.2,1.53
2020.1.3,1.53
2020.1.6,1.49
2020.1.7,1.46
2020.1.8,1.46
2020.1.9,1.46
2020.1.10,1.46
2020.1.13,1.46
2020.1.14,1.46
2020.1.15,1.46
2020.1.16,1.46
2020.1.17,1.46
2020.1.20,1.46
2020.1.21,1.46
2020.1.22,1.46
2020.1.23,1.46
2020.1.28,1.46
2020.1.29,1.46
2020.1.30,1.43
2020.1.31,1.42
2020.2.3,1.42
2020.2.4,1.42
2020.2.5,1.42
2020.2.6,1.42
2020.2.7,1.42
2020.2.10,1.42
2020.2.11,1.42
2020.2.12,1.42
2020.2.13,1.42
2020.2.14,1.42
2020.2.17,1.42
2020.2.18,1.42
2020.2.19,1.42
2020.2.20,1.41
2020.2.21,1.41
2020.2.24,1.41
2020.2.25,1.41
2020.2.26,1.41
2020.2.27,1.41
2020.2.28,1.41
2020.3.2,1.41
2020.3.3,1.41
2020.3.4,1.4
2020.3.5,1.4
2020.3.6,1.4
2020.3.9,1.4
2020.3.10,1.4
2020.3.11,1.4
2020.3.12,1.39
2020.3.13,1.39
2020.3.16,1.39
2020.3.17,1.02
2020.3.18,1.02
2020.3.19,1.02
2020.3.20,1.02
2020.3.23,1.02
2020.3.24,1.07
2020.3.25,1.1
2020.3.26,1.1
2020.3.27,1.1
2020.3.30,1.1
2020.3.31,1.1
2020.4.1,1.1
2020.4.2,1.1
2020.4.3,1.1
2020.4.6,1.1
2020.4.7,1.1
2020.4.8,1.1
2020.4.9,1.1
2020.4.10,1.1
2020.4.13,1.1
2020.4.14,1.1
2020.4.16,1.1
2020.4.17,1.1
2020.4.20,1.1
2020.4.21,1.1
2020.4.22,1.1
2020.4.23,1.1
2020.4.24,1.1
2020.4.27,1.1
2020.4.28,1.1
2020.4.29,1.1
2020.5.4,1.1
2020.5.6,1.1
2020.5.7,1.08
2020.5.8,1.08
2020.5.11,1.05
2020.5.12,1.05
2020.5.13,1.05
2020.5.14,1.05
2020.5.15,1.05
2020.5.18,1.05
2020.5.19,1.02
2020.5.20,1.02
2020.5.21,1.02
2020.5.22,1.02
2020.5.25,1.02
2020.5.26,1.02
2020.5.27,1.02
2020.5.28,0.81
2020.5.29,0.81
2020.6.1,0.81
2020.6.2,0.81
2020.6.3,0.81
2020.6.4,0.8
2020.6.5,0.79
2020.6.8,0.79
2020.6.9,0.79
2020.6.10,0.79
2020.6.11,0.79
2020.6.12,0.79
2020.6.15,0.79
2020.6.16,0.79
2020.6.17,0.79
2020.6.18,0.79
2020.6.19,0.79
2020.6.22,0.79
2020.6.23,0.79
2020.6.24,0.79
2020.6.25,0.79
2020.6.26,0.79
2020.6.29,0.79
2020.6.30,0.79
2020.7.1,0.79
2020.7.2,0.79
2020.7.3,0.79
2020.7.6,0.79
2020.7.7,0.79
2020.7.8,0.79
2020.7.9,0.79
2020.7.10,0.79
2020.7.13,0.79
2020.7.14,0.79
2020.7.15,0.79
2020.7.16,0.79
2020.7.17,0.79
2020.7.20,0.79
2020.7.21,0.79
2020.7.22,0.79
2020.7.23,0.78
2020.7.24,0.78
2020.7.27,0.78
2020.7.28,0.78
2020.7.29,0.78
2020.7.30,0.78
2020.7.31,0.78
2020.8.3,0.78
2020.8.4,0.76
2020.8.5,0.76
2020.8.6,0.76
2020.8.7,0.75
2020.8.10,0.74
2020.8.11,0.73
2020.8.12,0.7
2020.8.13,0.67
2020.8.14,0.65
2020.8.18,0.64
2020.8.19,0.63
2020.8.20,0.63
2020.8.21,0.63
2020.8.24,0.63
2020.8.25,0.63
2020.8.26,0.63
2020.8.27,0.63
2020.8.28,0.63
2020.8.31,0.63
2020.9.1,0.63
2020.9.2,0.63
2020.9.3,0.63
2020.9.4,0.63
2020.9.7,0.63
2020.9.8,0.63
2020.9.9,0.63
2020.9.10,0.63
2020.9.11,0.63
2020.9.14,0.63
2020.9.15,0.63
2020.9.16,0.63
2020.9.17,0.63