Date,KOSPI2 INDEX,005930 KS EQUITY,MXWO INDEX,CCMP INDEX,SPX INDEX,VIX INDEX,NDX INDEX,SX5E INDEX,NKY INDEX,DAX INDEX,HSI INDEX,SXXP INDEX,UKX INDEX,TPX INDEX,SHCOMP INDEX,MXEF INDEX,MXWD INDEX,SOX INDEX,DXY INDEX,FEDL01 INDEX,KOSDAQ INDEX,XAU BGN CURNCY,USDKRW BGN Curncy,EHGDKRY Index,USDCNY BGN Curncy,USDEUR Curncy,GJGB10 INDEX,CAD BGN CURNCY,GT10 GOVT,GBPUSD CURNCY,USDJPY CURNCY,BRL CURNCY,CL1 COMDTY,SMI INDEX
1999.2.28,60.28,1230,1141.33,2288.03,1238.33,27.88,1925.28,3484.24,14367.54,4911.81,9858.49,289.96,6175.1,1120.03,1090.087,296.56,271.21,356.26,98.71,4.76,723,287.05,1222.75,#N/A N/A,8.2789,0.9067,2.015,1.5095,5.287,1.6025,119.2,2.035,12.27,7063.8
1999.3.31,71.84,1356,1187.55,2461.4,1286.37,23.26,2106.39,3559.86,15836.59,4884.2,10942.2,297.15,6295.3,1267.22,1158.054,334.75,283.04,370.73,100.1,4.81,797.9,280.05,1227,#N/A N/A,8.28,0.9292,1.764,1.5063,5.242,1.6112,118.9,1.7175,16.76,7130.2
1999.4.30,87.15,1304,1233.06,2542.85,1335.18,25.07,2136.39,3757.87,16701.53,5393.11,13333.2,312.35,6552.2,1337.12,1120.927,375.66,294.92,370.27,101,4.74,1191,286.55,1175.13,#N/A N/A,8.279,0.9461,1.439,1.4565,5.348,1.6095,119.48,1.665,18.66,7335.5
1999.5.31,85.68,1209,1186.7,2470.52,1301.84,25.39,2089.7,3629.46,16111.65,5069.83,12147.12,301.22,6226.2,1297.19,1279.326,372.33,284.11,388.13,102.28,4.74,1454.8,270.35,1186.25,#N/A N/A,8.2785,0.9597,1.496,1.4734,5.622,1.6026,121.8,1.721,16.84,6911.6
1999.6.30,105.47,1859,1240.75,2686.12,1372.71,21.09,2296.77,3788.66,17529.74,5378.52,13532.14,309.69,6318.5,1416.2,1689.428,413.81,297.89,484.45,102.85,4.76,1795.5,262.5,1157.5,#N/A N/A,8.2787,0.9661,1.87,1.4631,5.78,1.5778,121.1,1.7525,19.29,6908.9
1999.7.31,116.14,2767,1235.7,2638.49,1328.72,24.64,2270.93,3638.62,17861.86,5101.87,13186.86,301.28,6231.9,1478.93,1601.459,401.94,296.31,493.97,99.75,4.99,1929.7,255.95,1203.5,#N/A N/A,8.2774,0.9335,1.776,1.5066,5.903,1.6216,114.53,1.801,20.53,6887.4
1999.8.31,112.79,3280,1232.16,2739.35,1320.41,24.45,2396.87,3769.14,17436.56,5270.77,13482.77,308.69,6246.4,1457.02,1627.116,405.3,295.6,521.96,99.95,5.07,2009.6,255.68,1180.5,#N/A N/A,8.277,0.9464,1.935,1.4928,5.97,1.6038,109.73,1.919,22.11,7008.8
1999.9.30,100.71,2884,1218.9,2746.16,1282.71,25.41,2407.9,3669.71,17605.46,5149.83,12733.24,303.91,6029.8,1506.83,1570.702,391.07,292.06,499.07,98.54,5.22,1571.2,298.75,1217.5,#N/A N/A,8.2778,0.936,1.73,1.4672,5.877,1.6473,106.46,1.9375,24.51,6907.4
1999.10.31,100.19,2928,1280.94,2966.43,1362.93,22.2,2637.44,3922.91,17942.08,5525.4,13256.95,317.27,6255.7,1563.89,1504.563,399.05,306.5,555.83,99.06,5.2,1793.8,299.2,1199.5,#N/A N/A,8.2778,0.948,1.819,1.4707,6.024,1.6448,104.1,1.949,21.75,7160.3
1999.11.30,123.59,3514,1315.68,3336.16,1388.91,24.18,2966.71,4314.38,18558.23,5896.04,15377.19,342.13,6597.2,1641.53,1434.973,434.7,315.68,609.39,101.99,5.42,2292,290.7,1159.25,#N/A N/A,8.2789,0.9908,1.84,1.4738,6.191,1.5981,102.16,1.923,24.59,7399.7
1999.12.31,130.02,3895,1420.89,4069.31,1469.25,24.64,3707.83,4904.46,18934.34,6958.14,16962.1,379.49,6930.2,1722.2,1366.58,489.42,341.63,704.56,101.87,5.3,2561.4,288,1140,11.37,8.2795,0.9938,1.675,1.4461,6.442,1.6182,102.51,1.799,25.6,7570.1
2000.1.31,119.08,4116,1338.25,3940.35,1394.46,24.95,3570.05,4684.48,19539.7,6835.6,15532.34,360.93,6268.5,1707.96,1534.997,491.39,322.83,778.06,105.13,5.45,1903.7,283.5,1124.93,11.37,8.2777,1.0302,1.735,1.4479,6.665,1.6162,107.32,1.784,27.64,6894.7
2000.2.29,103.17,3777,1340.58,4696.69,1366.42,23.37,4266.94,5182.62,19959.52,7644.55,17169.44,386.01,6232.6,1718.94,1714.578,497.74,323.59,1170.46,105.92,5.73,2663.7,292.2,1131.11,11.37,8.2786,1.0371,1.852,1.4497,6.409,1.5792,110.33,1.7665,30.43,6910.1
2000.3.31,108.03,4942,1431.94,4572.83,1498.58,24.11,4397.84,5249.55,20337.32,7599.39,17406.54,394.1,6540.2,1705.94,1800.225,499.4,344.5,1181.89,105.44,5.85,2212.7,279.08,1116.43,11.37,8.2787,1.0466,1.781,1.4488,6.004,1.5911,102.78,1.736,26.9,7428.1
2000.4.30,91.21,4426,1370.11,3860.66,1452.43,26.2,3773.18,5303.95,17973.7,7414.68,15519.3,392.62,6327.4,1648.87,1836.321,451.36,328.68,1171.64,110.14,6.02,1581.8,273.55,1109.75,11.37,8.2799,1.0966,1.764,1.4798,6.212,1.5513,108.18,1.807,25.74,7406.2
2000.5.31,92.74,4544,1334.14,3400.91,1420.6,23.65,3324.08,5200.89,16332.45,7109.67,14713.86,380.24,6359.3,1522.84,1894.554,431.7,319.78,998.43,108.74,6.27,1441.5,272.1,1129.45,11.37,8.2773,1.0661,1.665,1.4966,6.272,1.5014,107.66,1.824,29.01,7754
2000.6.30,104.43,5451,1377.72,3966.11,1454.6,19.54,3763.79,5145.35,17411.05,6898.21,16155.78,376.74,6312.7,1591.6,1928.106,445.52,330.21,1140.53,106.84,6.53,1518.6,289.53,1115.03,11.37,8.2782,1.0499,1.761,1.481,6.031,1.5141,106.12,1.806,32.5,7761.6
2000.7.31,89.35,4358,1337.65,3766.99,1430.83,20.74,3609.35,5122.8,15727.49,7190.37,16840.98,382.63,6365.3,1453.15,2023.539,422.08,320.16,993.85,109.61,6.54,1158,277.25,1116.75,11.37,8.2792,1.0792,1.683,1.4863,6.031,1.4997,109.43,1.7815,27.43,8023.2
2000.8.31,86.54,4040,1379.87,4206.35,1517.68,16.84,4077.59,5175.12,16861.26,7216.45,17097.51,394.96,6672.7,1511.44,2021.199,423.56,329.76,1152.98,112.6,6.5,1085.9,277.85,1107.78,11.37,8.2786,1.1264,1.887,1.472,5.725,1.4473,106.67,1.8235,33.12,8219.9
2000.9.30,76.37,2984,1305.24,3672.82,1436.51,20.57,3570.61,4915.18,15747.26,6798.12,15648.98,377.44,6294.2,1470.78,1910.161,386.03,311.31,851.57,113.25,6.52,901.7,274.25,1115.15,11.37,8.2798,1.1329,1.847,1.5032,5.802,1.4754,108.14,1.844,30.84,7713.3
2000.10.31,64,2105,1282.14,3369.63,1429.4,23.63,3282.3,5057.46,14539.6,7077.44,14895.34,388.03,6438.4,1379.96,1961.287,357.85,304.9,741.83,116.65,6.51,746.8,265.15,1137,11.37,8.2775,1.178,1.813,1.5237,5.751,1.4477,108.84,1.901,32.7,7977.5
2000.11.30,63.48,2393,1203.05,2597.93,1314.95,29.65,2506.54,4790.08,14648.51,6372.33,13984.39,363.25,6142.2,1362.66,2070.613,326.36,285.68,536.99,115.24,6.51,672.6,270.45,1215.5,11.37,8.2777,1.1456,1.622,1.537,5.468,1.4251,110.38,1.98,33.82,7981.9
2000.12.31,63.35,2334,1221.25,2470.52,1320.28,26.85,2341.7,4772.39,13785.69,6433.61,15095.53,359.79,6222.5,1283.67,2073.477,333.79,290.11,576.61,109.56,6.4,525.8,272.25,1265,9.21,8.2774,1.0608,1.646,1.4991,5.112,1.493,114.41,1.95,26.8,8135.4
2001.1.31,77.98,3302,1244.22,2772.73,1366.01,22.02,2593,4779.9,13843.55,6795.14,16102.35,362.33,6297.5,1300.23,2065.606,379.02,297.27,732.19,110.52,5.98,843.6,265.85,1257.5,9.21,8.2781,1.0677,1.498,1.4978,5.114,1.4646,116.57,1.972,28.66,8057.4
2001.2.28,72.14,2807,1137.88,2151.83,1239.94,28.35,1908.32,4318.88,12883.54,6208.24,14787.87,335.02,5917.9,1241.48,1959.18,349.02,271.97,541.23,112.01,5.49,767.6,267.15,1254,9.21,8.2783,1.0827,1.35,1.5364,4.896,1.4455,117.37,2.046,27.39,7701.8
2001.3.31,65.16,3122,1061.26,1840.26,1160.33,28.64,1573.25,4185,12999.7,5829.95,12760.64,321.7,5633.7,1277.27,2112.775,313.14,253.12,545.04,117.37,5.31,684.3,257.95,1331.5,9.21,8.2777,1.1406,1.278,1.5757,4.917,1.4161,126.34,2.1525,26.29,7167.8
2001.4.30,72.45,3437,1138.09,2116.24,1249.46,25.48,1855.15,4525.01,13934.32,6264.51,13386.04,342.02,5966.9,1366.46,2119.184,327.71,271.09,662.66,115.76,4.8,789.7,264.05,1315.5,9.21,8.2774,1.1247,1.339,1.535,5.338,1.432,123.48,2.2,28.46,7327.2
2001.5.31,76.09,3182,1121.09,2110.49,1255.82,22.64,1799.89,4426.24,13262.14,6123.26,13174.41,341.97,5796.1,1310.81,2214.257,330.54,267.37,598.71,119.07,4.21,813.5,265.85,1280,9.21,8.277,1.183,1.245,1.538,5.381,1.4184,119.23,2.382,28.37,7487.6
2001.6.30,73.2,2890,1084.79,2161.24,1224.42,19.06,1830.19,4243.91,12969.05,6058.38,13042.53,329.35,5642.5,1300.98,2218.029,322.89,258.84,624.09,119.47,3.97,768.7,270.85,1300.5,9.21,8.2767,1.1779,1.194,1.5143,5.412,1.4153,124.65,2.3105,26.25,7240.2
2001.7.31,66.98,2852,1069.67,2027.13,1211.23,21.62,1683.61,4091.38,11860.77,5861.19,12316.69,316.95,5529.1,1190.31,1920.318,301.67,254.54,605.88,117.18,3.77,680.9,266.65,1298,9.21,8.277,1.141,1.339,1.5335,5.054,1.4252,125,2.4665,26.35,6847.3
2001.8.31,67.42,2859,1016.73,1805.43,1133.58,24.92,1469.7,3743.97,10713.51,5188.17,11090.48,297.66,5345,1103.67,1834.138,298.17,242.41,562.72,113.42,3.65,618.4,274.4,1279.5,9.21,8.2769,1.0961,1.379,1.5512,4.832,1.4539,118.79,2.5635,27.2,6582.4
2001.9.30,58.91,2107,926.02,1498.8,1040.94,31.93,1168.37,3296.66,9774.68,4308.15,9950.7,266.29,4903.4,1023.42,1764.867,251.4,219.96,373.7,113.41,3.07,516.4,293.25,1304.5,9.21,8.2768,1.0972,1.415,1.5792,4.588,1.4744,119.56,2.67,23.43,6014.2
2001.10.31,66.44,2611,943.2,1690.2,1059.78,33.56,1364.78,3478.63,10366.34,4559.13,10073.97,277.41,5039.7,1059.37,1689.17,266.86,224.48,448.02,114.86,2.49,625.5,279.65,1290.5,9.21,8.2768,1.1105,1.315,1.5884,4.232,1.4545,122.42,2.6965,21.18,6081
2001.11.30,80.03,3281,997.93,1930.58,1139.45,23.84,1596.05,3658.27,10697.44,4989.91,11279.25,288.95,5203.6,1050.22,1747.993,294.43,238,518.95,116.13,2.09,705.2,274.4,1273,9.21,8.2774,1.1156,1.364,1.573,4.752,1.4241,123.48,2.4985,19.44,6237
2001.12.31,86.97,4223,1003.52,1950.4,1148.08,23.8,1577.05,3806.13,10542.62,5160.1,11397.21,298.73,5217.4,1032.14,1645.971,317.4,240.03,522.16,116.75,1.82,722.1,278.95,1313.5,4.85,8.2765,1.1242,1.368,1.593,5.051,1.4546,131.66,2.3105,19.84,6417.8
2002.1.31,92.99,4549,972.42,1934.03,1130.21,21.09,1550.17,3670.26,9997.8,5107.61,10725.3,292.45,5164.8,971.77,1491.665,327.75,233.26,558.88,120.21,1.73,773.6,282.55,1311.5,4.85,8.2766,1.1636,1.485,1.5891,5.033,1.4108,134.68,2.413,19.48,6237.3
2002.2.28,102.62,5192,962.73,1731.49,1106.73,21.59,1359.22,3624.74,10587.83,5039.08,10482.55,289.84,5101,1013.8,1524.701,332.77,231.21,510.83,119.16,1.74,787.1,296.55,1318,4.85,8.2765,1.1502,1.53,1.6016,4.877,1.4174,133.36,2.3635,21.74,6352.8
2002.3.31,111.84,5571,1003.6,1845.35,1147.39,17.4,1452.81,3784.05,11024.94,5397.29,11032.92,303.04,5271.8,1060.19,1603.905,351.43,241.17,595.24,118.62,1.73,927.3,302.65,1327,4.85,8.2774,1.1472,1.395,1.5949,5.396,1.4259,132.73,2.325,26.31,6655.2
2002.4.30,106.39,5783,968.25,1688.23,1076.92,21.91,1277.07,3574.23,11492.54,5041.2,11497.58,290.64,5165.6,1082.06,1667.749,352.84,233.13,525.74,115.19,1.75,733.4,308.45,1294.05,4.85,8.2773,1.1105,1.38,1.5677,5.087,1.458,128.54,2.361,27.29,6557.6
2002.5.31,100.8,5177,967.85,1615.73,1067.14,19.98,1208.34,3425.79,11763.7,4818.3,11301.94,279.03,5085.1,1120.08,1515.733,346.28,232.82,476.26,111.81,1.75,697.8,326.55,1221.5,4.85,8.2765,1.0704,1.394,1.5279,5.045,1.4553,124.22,2.513,25.31,6574.8
2002.6.30,93.69,4988,907.81,1463.21,989.81,25.4,1051.41,3133.39,10621.84,4382.56,10598.55,254.04,4656.4,1024.89,1732.755,319.75,218.25,387.58,106.11,1.75,608.5,314.45,1201.25,4.85,8.2771,1.0086,1.32,1.5174,4.799,1.5335,119.47,2.8175,26.86,5979.7
2002.7.31,90.16,5041,830.55,1328.26,911.62,32.03,962.11,2685.79,9877.94,3700.14,10267.36,227.63,4246.2,965,1651.594,294.62,199.73,330.94,107.41,1.73,586.2,303.55,1188,4.85,8.2766,1.0229,1.318,1.5842,4.461,1.5637,119.85,3.46,27.02,5196.7
2002.8.31,92.55,5019,830.58,1314.85,916.07,32.64,942.38,2709.29,9619.3,3712.94,10043.87,226.82,4227.3,941.64,1666.618,298.89,199.85,300.19,106.98,1.74,591.1,312.75,1201.95,4.85,8.2768,1.018,1.185,1.5585,4.143,1.5505,118.46,3.006,28.98,5230.5
2002.9.30,81.37,4526,738.18,1172.06,815.28,39.69,832.52,2204.39,9383.29,2769.03,9072.21,194.76,3721.8,921.05,1581.618,266.11,177.63,238.24,106.87,1.75,467.1,323.55,1222.5,4.85,8.2772,1.0136,1.186,1.5868,3.596,1.5684,121.81,3.7395,30.45,4783
2002.10.31,83.1,5231,791.88,1329.75,885.76,31.14,989.54,2518.99,8640.48,3152.85,9441.25,213.01,4039.7,862.24,1507.496,283.16,190.49,295.15,106.64,1.75,480.5,317.75,1220,4.85,8.2772,1.0098,0.994,1.5584,3.894,1.5651,122.48,3.63,27.22,4949.1
2002.11.30,92.05,5868,833.47,1478.78,936.31,27.5,1116.1,2656.85,9215.56,3320.32,10069.87,222.47,4169.4,892.71,1434.182,302.36,200.6,373.53,106.38,1.34,519,318.15,1208.75,4.85,8.2772,1.0057,1.002,1.5653,4.207,1.5575,122.55,3.653,26.89,5117.5
2002.12.31,79.87,4832,792.21,1335.51,879.82,28.62,984.36,2398.65,8578.95,2892.63,9321.29,203.25,3940.4,843.29,1357.654,292.09,190.8,289.24,101.85,1.24,443.6,348.05,1185.7,7.72,8.277,0.9529,0.909,1.5718,3.816,1.61,118.79,3.54,31.2,4630.8
2003.1.31,75.22,4486,767.48,1320.91,855.7,31.17,983.05,2248.17,8339.94,2747.83,9258.95,189,3567.4,821.18,1499.815,290.44,185.03,271.73,99.91,1.24,433.9,368.15,1174,7.72,8.2769,0.9287,0.812,1.5195,3.964,1.6463,119.87,3.4975,33.51,4422.5
2003.2.28,72.85,4301,752.86,1337.52,841.15,29.63,1009.74,2140.73,8363.04,2547.05,9122.66,181.75,3655.6,818.73,1511.932,281.29,181.51,297.63,99.71,1.26,417.8,349.95,1193.65,7.72,8.2775,0.9253,0.79,1.4846,3.692,1.5724,118.1,3.5685,36.6,4148.2
2003.3.31,68.05,4370,748.63,1341.17,848.18,29.15,1018.66,2036.86,7972.71,2423.87,8634.45,176.41,3613.3,788,1510.578,272.27,180.2,296.27,98.88,1.25,377.7,337.45,1254.45,7.72,8.2774,0.9161,0.709,1.4673,3.798,1.5827,118.09,3.3525,31.04,4085.6
2003.4.30,76.45,4694,813.3,1464.31,916.92,21.21,1106.06,2324.23,7831.42,2942.04,8717.22,194.88,3926,796.56,1521.444,295.17,195.75,332.5,97.19,1.26,428,338.55,1215.25,7.72,8.277,0.8942,0.615,1.4301,3.838,1.5985,118.88,2.9105,25.8,4542.7
2003.5.31,80.53,4986,857.65,1595.91,963.59,19.47,1197.89,2330.06,8424.51,2982.68,9487.38,196.54,4048.1,837.7,1576.261,315.44,206.54,382.31,93.29,1.26,471.8,364.45,1206,7.72,8.2768,0.8482,0.54,1.3666,3.372,1.6364,119.3,2.9675,29.56,4630.8
2003.6.30,85.47,5471,871.07,1622.8,974.5,19.52,1201.69,2419.51,9083.11,3220.58,9577.12,202.94,4031.2,903.44,1486.024,332.68,210.08,359.69,94.73,1.22,497.5,346.4,1193.05,7.72,8.2775,0.8687,0.846,1.3467,3.515,1.6546,119.8,2.844,30.19,4813.7
2003.7.31,91.52,6411,887.78,1735.02,990.31,19.49,1276.94,2519.79,9563.21,3487.86,10134.83,211.11,4157,939.4,1476.742,352.62,214.46,389.63,96.89,1.01,493.3,354.35,1180,7.72,8.2773,0.8904,0.945,1.4043,4.408,1.6108,120.55,2.966,30.54,5079.1
2003.8.31,97.59,6703,905.32,1810.45,1008.01,18.63,1341.2,2556.71,10343.55,3484.58,10908.99,214.7,4161.1,1002.01,1421.983,375.52,219.1,456.06,98.1,1.03,495.4,375.55,1178.35,7.72,8.2771,0.9101,1.464,1.3865,4.466,1.5777,116.92,2.976,31.57,5124.2
2003.9.30,89.55,6041,909.64,1786.94,995.97,22.72,1303.7,2395.87,10219.05,3256.78,11229.87,206.86,4091.3,1018.8,1367.161,377.63,220.15,419.78,92.85,1.01,448.6,385.35,1150.1,7.72,8.277,0.8579,1.394,1.3521,3.939,1.6618,111.5,2.9,29.2,5043.5
2003.10.31,101.44,7243,962.71,1932.21,1050.71,16.1,1416.39,2575.04,10559.59,3655.99,12190.1,221.53,4287.6,1043.36,1348.303,409.11,233.24,496.52,92.73,1.01,463.8,384.25,1183.63,7.72,8.2766,0.8625,1.469,1.3198,4.295,1.6957,109.94,2.8675,29.11,5211.4
2003.11.30,103.61,7166,976.02,1960.26,1058.2,16.32,1424.25,2630.47,10100.57,3745.95,12317.47,223.3,4342.6,999.75,1397.225,413.33,236.42,529.28,90.23,1,458.4,398.15,1202.05,7.72,8.277,0.8338,1.304,1.3008,4.334,1.7222,109.63,2.946,30.41,5317.5
2003.12.31,105.21,7029,1036.32,2003.37,1111.92,18.31,1467.92,2760.66,10676.64,3965.16,12575.94,229.31,4476.9,1043.69,1497.044,442.78,251.13,508.12,86.92,0.98,448.7,415.45,1192.1,3.15,8.2767,0.794,1.37,1.297,4.248,1.7858,107.22,2.8915,32.52,5487.8
2004.1.31,110.89,8167,1052.29,2066.15,1131.13,16.63,1493.08,2839.13,10783.61,4058.6,13289.37,235.81,4390.7,1047.51,1590.729,457.19,255.2,514.42,87.2,1,441.45,402.45,1173.5,3.15,8.2768,0.8015,1.322,1.3252,4.134,1.8238,105.71,2.9345,33.05,5736.4
2004.2.29,115.92,8495,1068.65,2029.82,1144.94,14.55,1470.38,2893.18,11041.92,4018.16,13907.03,242.59,4492.2,1082.47,1675.067,477.73,259.51,502.26,87.31,1.01,428.68,396.15,1176.53,3.15,8.2769,0.8005,1.235,1.3343,3.973,1.8685,109.11,2.9059,36.16,5798.4
2004.3.31,115.98,8915,1059.16,1994.22,1126.21,16.74,1438.41,2787.49,11715.39,3856.7,12681.67,236.59,4385.7,1179.23,1741.623,482.06,257.43,487.12,87.61,1,434.16,426.45,1147.28,3.15,8.277,0.812,1.45,1.3093,3.837,1.8462,104.23,2.8953,35.76,5618.6
2004.4.30,112.4,8682,1035.66,1920.15,1107.31,17.19,1401.36,2787.48,11761.79,3985.21,11942.96,239.05,4489.7,1186.31,1595.587,441.3,250.93,443.48,90.48,1,453.47,386.75,1173.35,3.15,8.2771,0.835,1.54,1.3722,4.507,1.7781,110.52,2.933,37.38,5774.4
2004.5.31,104.14,7887,1042.63,1986.74,1120.68,15.5,1466.22,2749.62,11236.37,3921.41,12198.24,237.35,4430.7,1139.94,1555.906,431.26,252.28,488.86,88.9,1,400.92,395.55,1160.1,3.15,8.2768,0.8205,1.529,1.3624,4.649,1.8323,109.52,3.189,39.88,5627.1
2004.6.30,101.85,7515,1062.51,2047.79,1140.84,14.34,1516.64,2811.08,11858.87,4052.73,12285.75,240.86,4464.1,1189.6,1399.162,432.2,256.89,485.09,88.8,1.03,385.18,394.25,1155.45,3.15,8.2766,0.8196,1.786,1.3328,4.583,1.8204,108.77,3.085,37.05,5619.1
2004.7.31,95.27,6570,1026.99,1887.36,1101.72,15.32,1400.39,2720.05,11325.78,3895.61,12238.03,236.4,4413.1,1139.3,1386.202,423.14,248.45,416.43,89.96,1.26,331.21,391.05,1170.1,3.15,8.277,0.8321,1.859,1.3314,4.477,1.8199,111.36,3.0365,43.8,5547.2
2004.8.31,102.89,7105,1029.63,1838.1,1104.24,15.29,1368.68,2670.79,11081.79,3785.21,12850.28,233.63,4459.3,1129.55,1342.062,439.75,249.51,371.02,88.94,1.43,355.66,409.85,1152.45,3.15,8.2765,0.8208,1.544,1.3127,4.119,1.8024,109.17,2.927,42.12,5421.7
2004.9.30,107.69,7216,1047.86,1896.84,1114.58,13.34,1412.74,2726.3,10823.57,3892.9,13120.03,237.74,4570.8,1102.11,1396.7,464.15,254.37,384.2,87.37,1.61,362.08,418.25,1151.85,3.15,8.2765,0.8041,1.449,1.2613,4.121,1.812,110.05,2.8608,49.64,5465.3
2004.10.31,107.99,6924,1072.7,1974.99,1130.2,16.27,1486.72,2811.72,10771.42,3960.25,13054.66,240.3,4624.2,1085.43,1320.536,474.27,260.38,412.25,84.91,1.76,357.04,428.55,1119.35,3.15,8.2766,0.7814,1.499,1.2177,4.025,1.8373,105.81,2.857,51.76,5363.4
2004.11.30,113.4,6845,1127.34,2096.81,1173.82,13.24,1571.5,2876.39,10899.25,4126,14060.05,246.51,4703.2,1098.79,1340.771,517.95,274.17,423.87,81.82,1.93,373.43,450.95,1048.5,3.15,8.2765,0.7532,1.454,1.1874,4.351,1.9095,103.07,2.72,49.13,5444.2
2004.12.31,115.25,7180,1169.34,2175.44,1211.92,13.29,1621.12,2951.01,11488.76,4256.08,14230.14,251.11,4814.3,1149.63,1266.496,542.17,284.52,433.31,80.85,2.16,380.33,438.45,1035.1,5.24,8.2765,0.7378,1.441,1.2019,4.22,1.9182,102.63,2.656,43.45,5693.2
2005.1.31,121.06,7889,1142.35,2062.41,1181.27,12.82,1519.63,2984.59,11387.59,4254.85,13721.69,256.85,4852.3,1146.14,1191.823,542.28,278.3,403.96,83.57,2.28,472.93,422.6,1026,5.24,8.2764,0.767,1.33,1.2398,4.13,1.8829,103.7,2.6088,48.2,5771.4
2005.2.28,130.85,8399,1176.7,2051.72,1203.6,12.08,1511.02,3058.32,11740.6,4350.49,14195.35,264.29,4968.5,1177.41,1306.003,588.68,287.49,437.23,82.51,2.5,498.37,435.65,1004.03,5.24,8.2765,0.7561,1.475,1.2339,4.379,1.9211,104.63,2.5875,51.75,5931.3
2005.3.31,124.78,8001,1151.18,1999.23,1180.59,14.02,1482.53,3055.73,11668.95,4348.77,13516.88,262.19,4894.4,1182.18,1181.236,548.69,280.51,416.99,84.06,2.63,455.03,428.35,1015.45,5.24,8.2764,0.7713,1.33,1.2104,4.483,1.8905,107.15,2.679,55.4,5929.7
2005.4.30,117.58,7204,1123.64,1921.65,1156.85,15.31,1420.79,2930.1,11008.9,4184.84,13908.97,256.06,4801.7,1129.93,1159.146,531.99,273.7,385.65,84.43,2.79,424.4,434.4,997.1,5.24,8.2764,0.7769,1.245,1.2583,4.2,1.9088,104.75,2.528,49.72,5870.79
2005.5.31,124.84,7793,1140.68,2068.22,1191.5,13.29,1542.63,3076.7,11276.59,4460.63,13867.07,267.29,4964,1144.33,1060.738,548.15,278.07,428.95,87.76,3,471.48,417.25,1008,5.24,8.2767,0.8127,1.249,1.2549,3.983,1.8171,108.57,2.4076,51.97,6127.2
2005.6.30,129.43,7881,1148.81,2056.96,1191.33,12.04,1493.52,3181.54,11584.01,4586.28,14201.06,275.92,5113.2,1177.2,1080.938,565.17,280.44,419.07,89.09,3.04,503.21,435.5,1034.5,5.24,8.2764,0.826,1.174,1.2251,3.915,1.7915,110.92,2.3325,56.5,6253.08
2005.7.31,143.32,9014,1188.17,2184.83,1234.18,11.57,1605.14,3326.51,11899.6,4886.5,14880.98,285.03,5282.3,1204.98,1083.033,602.56,290.57,474.44,89.35,3.26,546.68,429.8,1026.95,5.24,8.1056,0.825,1.313,1.2233,4.278,1.7579,112.5,2.3787,60.57,6600.88
2005.8.31,140.09,8679,1194.81,2152.09,1220.33,12.6,1581.71,3263.78,12413.6,4829.69,14903.55,284.82,5296.9,1271.29,1162.798,606.23,292.2,473.75,87.58,3.5,503.95,435.2,1034.5,5.24,8.0998,0.8099,1.349,1.1878,4.016,1.8041,110.61,2.357,68.94,6517.21
2005.9.30,157.55,9381,1224.31,2151.69,1228.81,11.92,1601.66,3428.51,13574.3,5044.12,15428.52,297.4,5477.7,1412.28,1155.614,661.32,300.6,475.32,89.52,3.62,571.95,469.3,1042.4,5.24,8.092,0.8315,1.484,1.163,4.326,1.7643,113.51,2.2275,66.24,6898.88
2005.10.31,148.84,8806,1193.88,2120.3,1207.01,15.32,1579.18,3320.15,13606.5,4929.07,14386.37,290.29,5317.3,1444.73,1092.817,617.41,292.32,432.64,90.07,3.78,587.46,465.19,1040.5,5.24,8.0845,0.8339,1.554,1.1822,4.553,1.77,116.4,2.2518,59.76,7036.65
2005.11.30,165.95,9540,1231.41,2232.82,1249.48,12.06,1672.56,3447.07,14872.15,5193.4,14937.14,299.47,5423.2,1536.21,1099.261,667.99,302.43,481.64,91.57,4,712.39,493.08,1033.7,5.24,8.0804,0.8484,1.44,1.1657,4.486,1.7293,119.81,2.2035,57.32,7407.52
2005.12.31,177.43,10594,1257.78,2205.32,1248.29,12.07,1645.2,3578.93,16111.43,5408.26,14876.43,310.03,5618.8,1649.76,1161.057,706.48,309.63,479.49,91.17,4.16,701.79,517,1010,4.28,8.0702,0.844,1.48,1.162,4.393,1.723,117.75,2.3355,61.04,7583.93
2006.1.31,180.65,11896,1313.21,2305.82,1280.09,12.95,1710.75,3691.41,16649.82,5674.15,15753.14,321.04,5760.3,1710.77,1258.046,783.77,324.66,539.11,88.96,4.29,690.24,568.9,964.65,4.28,8.0608,0.8226,1.57,1.139,4.517,1.7793,117.2,2.212,67.92,7810.88
2006.2.28,177.45,11044,1309.45,2281.39,1280.66,12.34,1670.57,3774.51,16205.43,5796.04,15918.48,327.88,5791.5,1660.42,1299.03,782.11,323.74,523.19,90.11,4.49,682.36,561.55,971,4.28,8.0402,0.8388,1.595,1.1369,4.553,1.7536,115.77,2.1235,61.41,7892.63
2006.3.31,176.21,10127,1335.07,2339.79,1294.83,11.39,1703.66,3853.74,17059.66,5970.08,15805.04,334.44,5964.6,1728.16,1298.295,787.8,329.79,499.65,89.73,4.59,665.21,583.65,971.65,4.28,8.0172,0.8254,1.78,1.1686,4.849,1.7372,117.78,2.164,66.63,8023.3
2006.4.30,184.1,10352,1373.38,2322.57,1310.61,11.59,1700.71,3839.9,16906.23,6009.89,16661.3,336.48,6023.1,1716.43,1440.223,841.58,340.19,516.91,86.11,4.79,685.44,654.43,943.2,4.28,8.014,0.7915,1.93,1.117,5.053,1.8259,113.83,2.087,71.88,8047.29
2006.5.31,171.01,9838,1322.25,2178.88,1270.09,16.44,1579.58,3637.17,15467.33,5692.86,15857.89,318.86,5723.8,1579.94,1641.3,751,325.74,464.74,84.72,4.94,630.5,645.2,945.7,4.28,8.0175,0.7808,1.84,1.1016,5.121,1.8698,112.64,2.307,71.29,7604.4
2006.6.30,167.45,9702,1319.93,2172.09,1270.2,13.08,1575.23,3648.92,15505.18,5683.31,16267.62,320.66,5833.4,1586.96,1672.211,747.54,325.11,441.72,85.16,4.99,590.68,615.85,948.7,4.28,7.9943,0.7818,1.93,1.117,5.138,1.8483,114.44,2.165,73.93,7652.1
2006.7.31,168.51,9782,1327.23,2091.47,1276.66,14.95,1509.43,3691.87,15456.81,5681.97,16971.34,326.04,5928.3,1572.01,1612.733,755.84,327.04,412.76,85.3,5.24,557.66,636.75,955.2,4.28,7.969,0.7833,1.929,1.1313,4.981,1.8677,114.68,2.177,74.4,7941.83
2006.8.31,175.44,10458,1358.87,2183.75,1303.82,12.31,1579.73,3808.7,16140.76,5859.57,17392.27,334.73,5906.1,1634.46,1658.638,773.12,334.81,449.22,85.05,5.25,572.83,627.3,961.3,4.28,7.9527,0.7804,1.63,1.1037,4.728,1.9047,117.4,2.145,70.26,8167.96
2006.9.30,178.05,10683,1373.37,2258.43,1335.85,11.98,1654.13,3899.41,16127.58,6004.33,17543.05,341.43,5960.8,1610.73,1752.424,778.16,338.28,454.7,86.03,5.25,600.42,598.3,946.25,4.28,7.904,0.789,1.675,1.118,4.63,1.8721,118.18,2.169,62.91,8425.91
2006.10.31,176.84,9830,1422.93,2366.71,1377.94,11.1,1732.54,4004.8,16399.39,6268.92,18324.35,353.34,6129.2,1617.42,1837.993,814.44,350.75,458.14,85.32,5.25,586.1,606.6,942.35,4.28,7.8794,0.7836,1.72,1.1222,4.6,1.9074,116.98,2.1418,58.73,8569.72
2006.11.30,184.96,10265,1455.17,2431.77,1400.63,10.91,1791.25,3987.23,16274.33,6309.19,18960.48,351.78,6048.8,1603.03,2099.289,874.08,360.04,479.02,82.95,5.25,622.17,648,929.55,4.28,7.8331,0.7552,1.655,1.1403,4.46,1.9659,115.81,2.1649,63.13,8484.57
2006.12.31,185.39,9945,1483.58,2415.29,1418.3,11.56,1756.9,4119.94,17225.83,6596.92,19964.72,365.26,6220.8,1681.07,2675.474,912.65,367.78,467.92,83.65,5.24,606.15,636.7,929.7,5.29,7.8045,0.7577,1.685,1.1657,4.704,1.9588,119.06,2.1364,61.05,8785.74
2007.1.31,175.99,9393,1500.23,2463.93,1438.24,10.42,1792.28,4178.54,17383.42,6789.11,20106.42,372.72,6203.1,1721.96,2786.335,901.48,371.2,458.93,84.6,5.25,576.37,653.2,941.2,5.29,7.7737,0.7673,1.705,1.1769,4.81,1.9655,120.7,2.1229,58.14,9135.11
2007.2.28,183.2,9198,1490.44,2416.15,1406.82,15.42,1761.65,4087.12,17604.12,6715.44,19651.51,365.03,6171.5,1752.74,2881.073,895.54,368.78,473.55,83.57,5.26,600.93,669.35,941.7,5.29,7.7417,0.7559,1.636,1.1699,4.568,1.9639,118.56,2.1205,61.79,8789.7
2007.3.31,187.6,9133,1514.18,2421.64,1420.86,14.64,1772.36,4181.03,17287.65,6917.03,19800.93,374.22,6308,1713.61,3183.983,929.03,375.3,465.57,82.93,5.26,648.99,663.8,940.8,5.29,7.7315,0.7488,1.659,1.154,4.646,1.9678,117.83,2.0594,65.87,8976.99
2007.4.30,198.55,9312,1577.86,2525.09,1482.37,14.22,1867.75,4392.34,17400.41,7408.87,20318.98,386.93,6449.2,1701,3841.272,969.93,391.14,492.94,81.447,5.25,675.88,678.45,930.85,5.29,7.7033,0.7327,1.66,1.1097,4.624,1.9995,119.53,2.0345,65.71,9428.27
2007.5.31,216.45,8679,1616.87,2604.52,1530.62,13.05,1928.19,4512.65,17875.75,7883.04,20634.47,396.74,6621.4,1755.68,4109.654,1014.79,401.52,488.26,82.301,5.25,747.87,660.5,927.78,5.29,7.646,0.7433,1.753,1.0689,4.89,1.9798,121.73,1.9246,64.01,9450.85
2007.6.30,221.31,9190,1602.36,2603.23,1503.35,16.23,1934.1,4489.77,18138.36,8007.32,21772.73,393.71,6607.9,1774.88,3820.703,1059.69,399.79,501.16,81.92,5.25,778.69,649.65,923.9,5.29,7.6151,0.7385,1.879,1.0653,5.026,2.0087,123.17,1.929,70.68,9209.36
2007.7.31,244.32,9969,1565.81,2545.57,1455.28,23.52,1932.06,4315.69,17248.89,7584.14,23184.94,380.07,6360.1,1706.18,4471.032,1112.77,393.34,499.08,80.77,5.26,811.52,664.3,919.3,5.29,7.5728,0.7308,1.8,1.0665,4.741,2.0313,118.62,1.8825,78.21,8885.04
2007.8.31,238.28,9596,1561.59,2596.36,1473.99,23.38,1988.73,4294.56,16569.09,7638.17,23984.14,375.94,6303.3,1608.25,5218.825,1086.98,391.49,497.44,80.791,5.02,775.13,673.3,938.3,5.29,7.545,0.7337,1.613,1.0556,4.531,2.0171,115.77,1.9619,74.04,8881.46
2007.9.30,247.2,9336,1633.58,2701.5,1526.75,18,2091.11,4381.71,16785.69,7861.51,27142.47,377.86,6466.8,1616.62,5552.301,1204.9,411.92,500.09,77.719,4.94,794.56,743.6,915.28,5.29,7.5105,0.7009,1.685,0.9923,4.588,2.0473,114.81,1.8336,81.66,8933.48
2007.10.31,260.42,8930,1682.35,2859.12,1549.38,18.53,2238.98,4489.79,16737.63,8019.22,31352.58,388.43,6721.6,1620.07,5954.765,1337.45,427.63,463.39,76.479,4.76,810.07,796.8,900.75,5.29,7.4627,0.6903,1.61,0.9431,4.473,2.0798,115.44,1.736,94.53,9019.57
2007.11.30,241.91,9174,1610.94,2660.96,1481.14,22.87,2089.1,4394.95,15680.67,7870.52,28643.61,370.36,6432.5,1531.88,4871.778,1242.06,408.1,414.58,76.147,4.49,741.84,783.55,921.17,5.29,7.3919,0.6834,1.478,0.9987,3.94,2.0563,111.24,1.7924,88.71,8828.36
2007.12.31,241.27,9147,1588.8,2652.28,1468.36,22.5,2084.93,4399.72,15307.78,8067.32,27812.65,364.64,6456.9,1475.68,5261.563,1245.59,403.25,408.04,76.695,4.24,704.23,833.7,935.37,5.77,7.3037,0.6855,1.51,0.9984,4.025,1.985,111.75,1.78,95.98,8484.46
2008.1.31,207.77,9788,1466.35,2389.86,1378.55,26.2,1841.42,3792.8,13592.47,6851.75,23455.74,322.16,5879.8,1346.31,4383.393,1088.72,369.93,359,75.178,3.94,608.84,926.1,943.95,5.77,7.1818,0.6729,1.44,1.0028,3.595,1.9872,106.45,1.7592,91.75,7670.44
2008.2.29,216.85,9213,1455.56,2271.48,1330.63,26.54,1745.27,3724.5,13603.02,6748.13,24331.67,318.95,5884.3,1324.28,4348.543,1167.66,370.41,348.05,73.714,2.98,655.94,973.9,939,5.77,7.1108,0.6588,1.365,0.9878,3.511,1.9891,103.74,1.6907,101.84,7533.86
2008.3.31,217.65,10249,1437.4,2279.1,1322.7,25.61,1781.93,3628.06,12525.54,6534.97,22849.2,305.96,5702.1,1212.96,3472.713,1104.58,363.99,343.94,71.802,2.61,644.45,916.9,990.3,5.77,7.012,0.6334,1.284,1.0253,3.411,1.9837,99.7,1.7519,101.58,7224.31
2008.4.30,235,11697,1508.99,2412.8,1385.59,20.79,1917.7,3825.02,13849.99,6948.82,25755.35,323.09,6087.3,1358.65,3693.106,1191.53,383.3,385.16,72.509,2.28,647.02,877.55,1002.4,5.77,6.9878,0.6401,1.585,1.0079,3.73,1.9869,103.92,1.6629,113.46,7529
2008.5.31,237.46,12190,1525.73,2522.66,1400.38,17.83,2032.57,3777.85,14338.54,7096.79,24533.12,322.12,6053.5,1408.14,3433.354,1210.04,387.75,415.2,72.879,1.99,652.15,886.5,1030.05,5.77,6.9421,0.6429,1.759,0.9934,4.061,1.9823,105.52,1.627,127.35,7511.29
2008.6.30,213.52,10290,1402.13,2292.98,1280,23.95,1837.09,3352.81,13481.38,6418.32,22102.01,289.39,5625.9,1320.1,2736.103,1087.12,355.4,368.16,72.463,2,590.19,925.4,1046.05,5.77,6.8544,0.6347,1.601,1.0215,3.971,1.9923,106.21,1.6037,140,6958.51
2008.7.31,204.12,9285,1366.7,2325.55,1267.38,22.94,1849.15,3367.82,13376.81,6479.56,22731.1,283.76,5411.9,1303.62,2775.717,1041.86,345.75,340.86,73.227,2.01,539.44,914.1,1012.15,5.77,6.8319,0.6409,1.539,1.0246,3.948,1.9841,107.92,1.5654,124.08,7141.21
2008.8.31,188.96,8495,1344.87,2367.52,1282.83,20.65,1872.54,3365.63,13072.87,6422.3,21261.89,288.18,5636.6,1254.71,2397.369,956.25,337.61,352.82,77.381,2,470.28,831.15,1088.95,5.77,6.8397,0.6815,1.415,1.0637,3.813,1.8211,108.8,1.6315,115.46,7238.74
2008.9.30,186.62,8874,1182.44,2091.88,1166.36,39.39,1594.63,3038.2,11259.86,5831.02,18016.21,256.05,4902.45,1087.41,2293.784,786.92,294.79,306.89,79.448,1.81,440.77,870.95,1206.85,5.77,6.846,0.7096,1.472,1.0644,3.825,1.7805,106.11,1.9046,100.64,6654.89
2008.10.31,147.5,8808,957.25,1720.95,968.75,59.89,1334.78,2591.76,8576.98,4987.97,13968.67,222.07,4377.34,867.12,1728.786,570.52,236.11,239.47,85.633,0.97,308.03,723.85,1290.5,5.77,6.8388,0.7855,1.476,1.2125,3.955,1.6076,98.47,2.159,67.81,6153.21
2008.11.30,140.66,8001,892.93,1535.57,896.24,55.28,1185.75,2430.31,8512.27,4669.44,13888.24,206.25,4288.01,834.82,1871.156,526.97,220.05,198.24,86.517,0.39,307.48,818.05,1468.75,5.77,6.8347,0.7879,1.399,1.2398,2.922,1.5377,95.53,2.3063,54.43,5816.6
2008.12.31,146.35,7507,920.23,1577.03,903.25,40,1211.65,2447.62,8859.56,4810.2,14387.48,198.36,4434.17,859.24,1820.805,567.04,227.68,212.17,81.308,0.16,332.05,882.05,1259.55,3.14,6.8277,0.7156,1.174,1.2188,2.214,1.4593,90.64,2.3145,44.6,5534.53
2009.1.31,151.33,8123,838.83,1476.42,825.88,44.84,1180.25,2236.98,7994.05,4338.35,13278.21,191.23,4149.64,794.03,1990.657,529.53,208.02,208.26,85.999,0.15,364.9,927.85,1379.6,3.14,6.8519,0.7806,1.297,1.2296,2.842,1.454,89.92,2.323,41.68,5290.05
2009.2.28,138.07,7940,750.86,1377.84,735.09,46.35,1116.99,1976.23,7568.42,3843.74,12811.57,172.92,3830.09,756.71,2082.852,499.3,187.17,199,88.008,0.22,363.21,942.32,1534.35,3.14,6.84,0.7893,1.28,1.2763,3.015,1.4318,97.58,2.3866,44.76,4690.67
2009.3.31,157.01,9455,805.22,1528.59,797.87,44.14,1237.01,2071.13,8109.53,4084.76,13576.02,176.46,3926.14,773.66,2373.213,569.97,202.04,230.91,85.43,0.18,421.44,919.35,1383.1,3.14,6.8339,0.7547,1.353,1.2602,2.665,1.4323,98.96,2.3228,49.66,4927.43
2009.4.30,176,9854,893.02,1717.3,872.81,36.5,1394.33,2375.34,8828.26,4769.45,15520.99,200.23,4243.71,837.79,2477.569,662.73,225.24,258.54,84.614,0.15,500.98,888.2,1282.95,3.14,6.821,0.7559,1.432,1.1925,3.121,1.479,98.63,2.1904,51.12,5225.92
2009.5.31,178.7,9288,970,1774.33,919.14,28.92,1435.57,2451.24,9522.5,4940.82,18171,208.21,4417.94,897.91,2632.93,773.12,246.69,271.31,79.348,0.18,528.8,979.18,1255.25,3.14,6.8291,0.7064,1.49,1.0915,3.461,1.619,95.34,1.9702,66.31,5349.74
2009.6.30,178.99,9863,964.05,1835.04,919.32,26.35,1477.25,2401.69,9958.44,4808.64,18378.73,205.83,4249.21,929.76,2959.362,761.3,244.9,263.15,80.133,0.21,485.15,926.5,1273.8,3.14,6.8305,0.7126,1.359,1.1623,3.535,1.6458,96.36,1.9518,69.89,5403.97
2009.7.31,202.96,12062,1044.75,1978.5,987.48,25.92,1603.36,2638.13,10356.83,5332.14,20573.33,224.91,4608.36,950.26,3412.062,844.02,266.14,301.74,78.347,0.16,504.35,954,1228.43,3.14,6.8321,0.7014,1.419,1.0776,3.481,1.6713,94.68,1.8651,69.45,5950.69
2009.8.31,207.44,12845,1085.6,2009.06,1020.63,26.01,1625.19,2775.17,10492.53,5464.61,19724.19,236,4908.9,965.73,2667.745,839.46,275.1,306.18,78.172,0.16,514.7,951.19,1248.95,3.14,6.8308,0.6977,1.31,1.0938,3.399,1.6288,93.12,1.8804,69.96,6217.12
2009.9.30,219.75,13578,1126.98,2122.42,1057.08,25.61,1718.99,2872.63,10133.23,5675.16,20955.25,242.47,5133.9,909.84,2779.426,914.05,287.23,325.75,76.653,0.15,505.94,1007.7,1178.05,3.14,6.8264,0.6831,1.301,1.0695,3.307,1.5982,89.71,1.767,70.61,6323.18
2009.10.31,206.81,12045,1106.17,2045.11,1036.2,30.69,1667.13,2743.5,10034.74,5414.96,21752.87,236.93,5044.55,894.67,2995.848,914.26,282.59,296.61,76.3,0.12,486.46,1045.45,1182.05,3.14,6.8275,0.6793,1.415,1.0848,3.385,1.6453,90.09,1.7612,77,6285.76
2009.11.30,204.75,11995,1149.01,2144.6,1095.63,24.51,1767.43,2797.25,9345.55,5625.95,21821.5,239.17,5190.68,839.94,3195.301,953.13,293.67,310.05,74.879,0.12,464.32,1179.63,1162.85,3.14,6.8274,0.6665,1.266,1.0563,3.2,1.644,86.41,1.7557,77.28,6260.95
2009.12.31,221.86,13439,1168.47,2269.15,1115.1,21.68,1860.31,2964.96,10546.44,5957.43,21872.5,253.89,5412.88,907.59,3277.139,989.47,299.44,359.91,77.86,0.12,513.57,1096.98,1164,0.75,6.8271,0.6978,1.295,1.0532,3.839,1.617,93.03,1.7445,79.36,6545.91
2010.1.31,210.34,13187,1119.54,2147.35,1073.87,24.62,1741.04,2776.83,10198.04,5608.79,20121.99,246.96,5188.52,901.12,2989.292,933.59,286.33,316.07,79.462,0.11,496.57,1081.2,1161.65,0.75,6.8269,0.7214,1.325,1.0704,3.586,1.5986,90.27,1.895,72.89,6440.72
2010.2.28,208.36,12514,1133.35,2238.26,1104.49,19.5,1818.68,2728.47,10126.03,5598.46,20608.7,245.8,5354.52,894.1,3051.943,935.93,289.5,338.86,80.362,0.13,507.03,1117.59,1159.85,0.75,6.8261,0.7337,1.305,1.0517,3.614,1.5238,88.97,1.8076,79.66,6710.99
2010.3.31,221.58,13759,1200.53,2397.96,1169.43,17.59,1958.34,2931.16,11089.94,6153.55,21239.35,263.57,5679.64,978.81,3109.105,1010.33,307.4,366.57,81.073,0.16,515.74,1113.25,1131.3,0.75,6.8259,0.7402,1.4,1.0153,3.828,1.5184,93.47,1.7813,83.76,6873.37
2010.4.30,227.95,14280,1198.56,2461.19,1186.69,22.05,2000.63,2816.86,11057.4,6135.7,21108.59,259.91,5553.29,987.04,2870.611,1020.03,307.35,376.07,81.866,0.2,523.75,1179.03,1108.3,0.75,6.8253,0.7521,1.29,1.0179,3.655,1.5274,93.85,1.7394,86.15,6616.82
2010.5.31,214.34,13053,1079.8,2257.04,1089.41,32.07,1852.39,2610.26,9768.7,5964.33,19765.19,244.98,5188.43,880.46,2592.147,926.4,277.17,355.66,86.588,0.2,489.42,1216.3,1202.24,0.75,6.8278,0.8126,1.265,1.0445,3.287,1.4538,91.27,1.8209,73.97,6312.6
2010.6.30,220.85,13101,1041.32,2109.24,1030.71,34.54,1739.14,2573.32,9382.64,5965.52,20128.99,243.32,4916.87,841.42,2398.37,917.99,268.25,332.3,86.019,0.18,489.98,1242.38,1221.8,0.75,6.7818,0.8172,1.091,1.0639,2.933,1.4945,88.43,1.8047,75.63,6128.06
2010.7.31,229.25,13711,1124.83,2254.7,1101.6,23.5,1864,2742.14,9537.3,6147.97,21029.81,255.35,5258.02,849.5,2637.502,991.41,289.75,348.81,81.539,0.18,481.45,1181,1182.75,0.75,6.7745,0.7662,1.074,1.0297,2.907,1.5689,86.47,1.7549,78.95,6200.78
2010.8.31,226.81,12796,1080.7,2114.03,1049.33,26.05,1767.43,2622.95,8824.06,5925.22,20536.49,251.31,5225.22,804.67,2638.798,970.05,279.06,307.49,83.202,0.19,464.71,1247.4,1198.83,0.75,6.8078,0.7887,0.971,1.0656,2.47,1.5348,84.2,1.7559,71.92,6180.89
2010.9.30,242.95,13152,1179.19,2368.62,1141.2,23.7,1998.04,2747.9,9369.35,6229.02,22358.17,259.72,5548.62,829.51,2655.658,1075.53,305.16,349.24,78.72,0.19,492.75,1308.54,1140.2,0.75,6.6921,0.7334,0.94,1.0292,2.512,1.5716,83.53,1.6873,79.97,6296.33
2010.10.31,242.98,12610,1222.23,2507.41,1183.26,21.2,2124.45,2844.99,9202.45,6601.37,23096.32,265.96,5675.16,810.91,2978.835,1105.75,315.95,372.64,77.266,0.19,526.45,1359.4,1125.16,0.75,6.6705,0.717,0.939,1.0194,2.601,1.6038,80.4,1.6991,81.43,6472.23
2010.11.30,249.64,13981,1193.56,2498.23,1180.55,23.54,2117.33,2650.99,9937.04,6688.49,23007.99,261.83,5528.27,860.94,2820.181,1075.85,308.38,390.12,81.195,0.19,498.39,1386.23,1159.25,0.75,6.6673,0.7702,1.194,1.0264,2.799,1.5562,83.69,1.7143,84.11,6312.43
2010.12.31,271.19,16149,1280.07,2652.87,1257.64,17.75,2217.86,2792.82,10228.92,6914.19,23035.45,275.81,5899.94,898.8,2808.077,1151.38,330.64,411.82,79.028,0.18,510.69,1421.4,1126,6.83,6.607,0.7471,1.128,0.998,3.295,1.5612,81.12,1.6613,91.38,6436.04
2011.1.31,273.12,16694,1308.08,2700.08,1286.12,19.53,2281.91,2953.63,10237.92,7077.48,23447.34,280.05,5862.94,910.08,2790.694,1119.08,335.58,440.51,77.735,0.17,521.38,1332.68,1121.3,6.83,6.595,0.7302,1.219,1.001,3.372,1.6014,82.04,1.667,92.19,6479.15
2011.2.28,256.36,15707,1351.65,2782.27,1327.22,18.35,2350.99,3013.09,10624.09,7272.32,23338.02,286.47,5994.01,951.27,2905.053,1107.77,344.82,458.62,76.889,0.16,504.46,1411.33,1128.9,6.83,6.5719,0.7243,1.264,0.9716,3.429,1.6257,81.78,1.6643,96.97,6610.44
2011.3.31,278.87,15860,1334.93,2781.07,1325.83,17.74,2338.99,2910.91,9755.1,7041.31,23527.52,275.9,5908.76,869.38,2928.111,1170.87,343.64,437.36,75.857,0.14,525.42,1432.2,1096.93,6.83,6.5483,0.7064,1.26,0.9706,3.472,1.6028,83.13,1.6318,106.72,6357.55
2011.4.30,290.39,15196,1388.62,2873.54,1363.61,14.75,2404.08,3011.25,9849.74,7514.46,23720.81,283.78,6069.9,851.85,2911.511,1204.03,356.9,449.56,72.933,0.1,511,1563.7,1071.53,6.83,6.4922,0.6753,1.21,0.9451,3.288,1.6707,81.19,1.5754,113.93,6539.7
2011.5.31,282.76,15350,1354.61,2835.3,1345.2,15.45,2372.54,2861.92,9693.73,7293.69,23684.13,281.06,5989.99,838.48,2743.472,1167.97,347.9,439.6,74.638,0.09,484.54,1535.73,1079.15,6.83,6.4786,0.6946,1.165,0.9685,3.062,1.6448,81.52,1.5801,102.7,6554.71
2011.6.30,275.17,14065,1331.18,2773.52,1320.64,16.52,2325.07,2848.53,9816.09,7376.24,22398.1,272.86,5945.71,849.22,2762.076,1146.22,341.82,410.35,74.303,0.09,479.55,1500.18,1067.65,6.83,6.4639,0.6896,1.14,0.9634,3.161,1.6053,80.56,1.5633,95.42,6187.07
2011.7.31,277.11,14371,1306.05,2756.38,1292.28,25.25,2362.81,2670.37,9833.03,7158.77,22440.25,265.25,5815.19,841.37,2701.729,1137.73,335.9,386.94,73.897,0.07,536.05,1627.05,1054.07,6.83,6.437,0.6945,1.082,0.9552,2.797,1.6426,76.76,1.5493,95.7,5783.35
2011.8.31,242.16,12668,1211.22,2579.46,1218.89,31.62,2241.01,2302.08,8955.2,5784.85,20534.85,237.43,5394.53,770.6,2567.34,1033.15,310.62,355.79,74.117,0.1,493.44,1825.55,1066.77,6.83,6.3781,0.6957,1.034,0.9777,2.224,1.625,76.66,1.5896,88.81,5528.52
2011.9.30,230.41,14303,1104.06,2415.4,1131.42,42.96,2139.18,2179.66,8700.29,5502.02,17592.41,226.18,5128.48,761.17,2359.22,880.43,280.64,338.82,78.553,0.08,449.66,1623.79,1178.1,6.83,6.3812,0.7468,1.032,1.0503,1.916,1.5584,77.06,1.8793,79.2,5531.74
2011.10.31,249.88,16483,1217.3,2684.41,1253.3,29.96,2360.08,2385.22,8988.39,6141.34,19864.87,243.48,5544.22,764.06,2468.25,995,310.41,386.49,76.166,0.07,490.69,1714.7,1110.21,6.83,6.3548,0.7216,1.047,1.0008,2.114,1.6087,78.17,1.7157,93.19,5731.27
2011.11.30,241.19,17096,1184.6,2620.34,1246.96,27.8,2295.2,2330.43,8434.61,6088.84,17989.35,240.08,5505.42,728.46,2333.414,928.32,300.45,373.32,78.384,0.08,492.81,1746.35,1142.57,6.83,6.3793,0.7438,1.072,1.0174,2.069,1.5704,77.62,1.8085,100.36,5652.31
2011.12.31,238.08,18099,1182.59,2605.15,1257.61,23.4,2277.83,2316.55,8455.35,5898.35,18434.39,244.54,5572.28,728.61,2199.417,916.39,299.51,364.44,80.178,0.07,500.18,1564.91,1152.45,3.73,6.295,0.7714,0.988,1.0213,1.877,1.5543,76.91,1.8668,98.83,5936.23
2012.1.31,256.9,18938,1240.89,2813.84,1312.41,19.44,2467.95,2416.66,8802.51,6458.91,20390.49,254.41,5681.61,755.27,2292.61,1019.39,316.65,408.94,79.288,0.08,513.99,1737.76,1123.26,3.73,6.3082,0.7643,0.967,1.0026,1.798,1.576,76.27,1.7468,98.48,5970.49
2012.2.29,267.13,20631,1298.72,2966.89,1365.68,18.43,2623.1,2512.11,9723.24,6856.08,21680.08,264.32,5871.51,835.96,2428.487,1079.44,331.93,424.17,78.737,0.1,542.3,1696.76,1118.96,3.73,6.2938,0.7505,0.963,0.9899,1.972,1.5917,81.15,1.7174,107.07,6109.93
2012.3.31,266.58,21812,1312.01,3091.57,1408.47,15.5,2755.27,2477.28,10083.56,6946.83,20555.58,263.32,5768.45,854.35,2262.789,1041.45,333.3,438.64,79.004,0.13,519.56,1668.15,1133.1,3.73,6.2985,0.7495,0.989,0.9987,2.211,1.6008,82.87,1.8268,103.02,6235.51
2012.4.30,264.35,23779,1293.99,3046.36,1397.91,17.15,2723.68,2306.43,9520.89,6761.19,21094.21,257.28,5737.78,804.27,2396.316,1026.02,328.67,413.39,78.776,0.14,478.89,1664.75,1130.13,3.73,6.2795,0.7554,0.897,0.9872,1.915,1.6234,79.82,1.9083,104.87,6096.34
2012.5.31,244.05,20717,1177.64,2827.34,1310.33,24.06,2524.87,2118.94,8542.73,6264.38,18629.52,239.73,5320.86,719.49,2372.234,906.3,297.98,368.37,83.043,0.16,471.94,1560.51,1180.33,3.73,6.3685,0.8087,0.824,1.0328,1.559,1.5405,78.32,2.0227,86.53,5850.18
2012.6.30,244.9,20555,1235.72,2935.05,1362.16,17.08,2615.72,2264.72,9006.78,6416.28,19441.46,251.17,5571.15,770.08,2225.431,937.35,312.11,385.46,81.627,0.16,489.16,1597.45,1145.4,3.73,6.354,0.7899,0.837,1.0166,1.646,1.5707,79.79,2.0094,84.96,6066.86
2012.7.31,250.08,22403,1250.57,2939.52,1379.32,18.93,2642.53,2325.72,8695.06,6772.26,19796.81,261.38,5635.28,736.31,2103.635,952.49,316.02,383.72,82.635,0.16,467.61,1614.58,1130.55,3.73,6.3617,0.8128,0.794,1.0031,1.469,1.5678,78.12,2.0569,88.06,6399.27
2012.8.31,250.56,21102,1279.21,3066.965,1406.58,17.47,2772.24,2440.71,8839.91,6970.79,19482.57,266.23,5711.48,731.64,2047.522,947.33,322.14,396.176,81.208,0.13,508.35,1691.85,1134.63,3.73,6.3486,0.7952,0.797,0.9863,1.549,1.5866,78.39,2.0308,96.47,6388.01
2012.9.30,262.49,23036,1311.5,3116.228,1440.67,15.73,2799.19,2454.26,8870.16,7216.15,20840.38,268.48,5742.07,737.42,2086.169,1002.66,331.58,382.274,79.935,0.14,523.78,1772.25,1111.38,3.73,6.2847,0.7777,0.778,0.9837,1.634,1.6167,77.96,2.0264,92.19,6495.88
2012.10.31,250.18,22420,1301.52,2977.234,1412.16,18.6,2647.92,2503.64,8928.29,7260.63,21641.82,270.3,5782.7,742.33,2068.88,995.33,329.07,367.028,79.919,0.16,508.31,1720.65,1090.7,3.73,6.2373,0.7719,0.775,0.9994,1.691,1.6129,79.77,2.0308,86.24,6595.13
2012.11.30,254.25,24063,1315.49,3010.241,1416.18,15.87,2677.88,2575.25,9446.01,7405.5,22030.39,275.78,5866.82,781.46,1980.117,1007.02,332.64,374.347,80.153,0.16,499.37,1714.98,1082.85,3.73,6.226,0.7699,0.716,0.9944,1.616,1.6013,82.48,2.136,88.91,6820.6
2012.12.31,263.92,26182,1338.5,3019.514,1426.19,18.02,2660.93,2635.93,10395.18,7612.39,22656.92,279.68,5897.81,859.8,2269.128,1055.2,339.75,384.056,79.769,0.16,496.32,1675.35,1064.4,2.4,6.2306,0.758,0.791,0.9921,1.758,1.6255,86.75,2.0516,91.82,6822.44
2013.1.31,258.07,24909,1405.47,3142.132,1498.11,14.28,2731.53,2702.98,11138.66,7776.05,23729.53,287.22,6276.88,940.25,2385.422,1069.01,355.1,412.729,79.207,0.14,503.67,1663.7,1088.59,2.4,6.219,0.7365,0.754,0.9972,1.986,1.5857,91.71,1.9915,97.49,7390.86
2013.2.28,268.01,26560,1405.18,3160.19,1514.68,15.51,2738.58,2633.55,11559.36,7741.7,23020.27,289.94,6360.81,975.66,2365.593,1054.62,354.43,426.63,81.949,0.15,535.87,1579.61,1082.9,2.4,6.2217,0.7657,0.663,1.0306,1.876,1.5163,92.56,1.9785,92.05,7593.67
2013.3.31,263.39,26268,1434.51,3267.521,1569.19,12.7,2818.69,2624.02,12397.91,7795.31,22299.63,293.78,6411.74,1034.71,2236.621,1034.9,360.06,436.664,82.976,0.14,555.02,1597.5,1111.35,2.4,6.2102,0.7802,0.551,1.0174,1.85,1.5198,94.22,2.0217,97.23,7813.67
2013.4.30,255.72,26148,1476.14,3328.79,1597.57,13.52,2887.44,2712,13860.86,7913.71,22737.01,296.72,6430.12,1165.13,2177.912,1039.45,369.42,444.356,81.746,0.15,563.87,1476.71,1101.28,2.4,6.1658,0.7594,0.609,1.0073,1.673,1.5532,97.45,2.0013,93.46,7906.21
2013.5.31,261.47,26457,1471.93,3455.913,1630.74,16.3,2981.76,2769.64,13774.54,8348.84,22392.16,300.88,6583.09,1135.78,2300.595,1008.88,367.19,468.631,83.375,0.11,577.87,1387.8,1129.64,2.4,6.1345,0.7694,0.857,1.0375,2.129,1.5198,100.45,2.1411,91.97,7947.01
2013.6.30,242.27,23095,1433.55,3403.247,1606.28,16.86,2909.6,2602.59,13677.32,7959.22,20803.29,285.02,6215.47,1133.84,1979.206,940.33,355.81,468.434,83.136,0.09,519.06,1234.53,1142.06,2.4,6.1375,0.7687,0.853,1.0519,2.487,1.5213,99.14,2.2317,96.56,7683.04
2013.7.31,247.99,22028,1507.91,3626.371,1685.73,13.45,3090.19,2768.15,13668.32,8275.97,21883.66,299.58,6621.06,1131.7,1993.799,947.55,372.49,477.781,81.452,0.09,554.31,1325.07,1123.28,2.4,6.1289,0.7517,0.802,1.0277,2.577,1.5207,97.88,2.2766,105.03,7820.43
2013.8.31,251.74,23542,1472.74,3589.868,1632.97,17.01,3073.81,2721.37,13388.86,8103.15,21731.37,297.32,6412.93,1106.05,2098.382,929.54,363.98,457.699,82.087,0.08,516.74,1395.27,1110.04,2.4,6.1203,0.7564,0.72,1.0537,2.785,1.5504,98.17,2.3855,107.65,7745.97
2013.9.30,260.91,23525,1543.67,3771.479,1681.55,16.6,3218.2,2893.15,14455.8,8594.4,22859.86,310.46,6462.22,1194.1,2174.665,987.46,382.07,490.835,80.221,0.08,534.89,1329.03,1074.64,2.4,6.1209,0.7393,0.686,1.0309,2.611,1.6186,98.27,2.217,102.33,8022.6
2013.10.31,266.91,25211,1602.86,3919.706,1756.54,13.75,3377.73,3067.95,14327.94,9033.92,23206.37,322.37,6731.43,1194.26,2141.614,1034.42,397.11,507.093,80.195,0.09,532.44,1323.06,1060.73,2.4,6.0938,0.7362,0.595,1.0431,2.555,1.604,98.36,2.2398,96.38,8234.29
2013.11.30,269.57,25710,1628.42,4059.886,1805.81,13.7,3487.82,3086.64,15661.87,9405.3,23881.29,325.16,6650.57,1258.66,2220.504,1018.28,402.05,510.251,80.68,0.08,517.06,1253.35,1058.2,2.4,6.094,0.7358,0.605,1.0614,2.745,1.6368,102.44,2.336,92.72,8264.2
2013.12.31,264.24,23845,1661.07,4176.59,1848.36,13.72,3592,3109,16291.31,9552.16,23306.39,328.26,6749.09,1302.29,2115.978,1002.69,408.55,535.033,80.035,0.09,499.99,1201.64,1049.8,3.15,6.0543,0.7277,0.741,1.0623,3.029,1.6557,105.31,2.3621,98.42,8202.98
2014.1.31,252.89,22246,1598.46,4103.878,1782.59,18.41,3521.92,3013.96,14914.53,9306.48,22035.42,322.52,6510.44,1220.64,2033.083,936.53,391.92,529.185,81.311,0.07,515.2,1244.55,1080.97,3.15,6.0612,0.7415,0.622,1.1128,2.645,1.6439,102.04,2.4128,97.49,8191.33
2014.2.28,258.41,23445,1675.4,4308.119,1859.45,14,3696.1,3149.23,14841.07,9692.08,22836.96,338.02,6809.7,1211.66,2056.302,966.42,410.13,563.831,79.691,0.07,528.96,1326.39,1067.6,3.15,6.1451,0.7246,0.586,1.1064,2.648,1.6745,101.8,2.3443,102.59,8475.33
2014.3.31,258.11,23341,1673.87,4198.994,1872.34,13.88,3595.74,3161.6,14827.83,9555.91,22151.06,334.31,6598.37,1202.89,2033.306,994.65,411.02,586.745,80.1,0.08,541.58,1284.01,1064.7,3.15,6.2171,0.7263,0.642,1.105,2.719,1.6662,103.23,2.2719,101.58,8453.82
2014.4.30,255.33,23341,1687.74,4114.556,1883.95,13.41,3582.02,3198.39,14304.11,9603.23,22133.97,337.89,6780.03,1162.44,2026.358,995.28,414.09,575.969,79.474,0.09,559.34,1291.6,1033.22,3.15,6.2595,0.7211,0.627,1.0962,2.647,1.6873,102.24,2.2323,99.74,8476.66
2014.5.31,259.94,25079,1715.18,4242.618,1923.57,11.4,3736.82,3244.6,14632.38,9943.27,23081.65,344.24,6844.51,1201.41,2039.213,1027.69,421.53,599.589,80.369,0.09,546.53,1249.68,1020.2,3.15,6.2471,0.7335,0.578,1.0846,2.477,1.6755,101.77,2.2415,102.71,8674.52
2014.6.30,260.56,22984,1743.42,4408.178,1960.23,11.57,3849.48,3228.24,15162.1,9833.07,23190.72,341.86,6743.94,1262.56,2048.327,1050.78,428.75,635.928,79.775,0.1,537.06,1327.33,1011.84,3.15,6.2031,0.7305,0.566,1.0671,2.531,1.7106,101.33,2.2143,105.37,8554.52
2014.7.31,269.68,23349,1714.35,4369.773,1930.67,16.95,3892.5,3115.51,15620.77,9407.48,24756.85,335.99,6730.11,1289.42,2201.562,1065.77,423.04,607.546,81.456,0.09,536.32,1282.59,1027.78,3.15,6.1738,0.7466,0.538,1.0906,2.559,1.6886,102.8,2.2636,98.17,8410.27
2014.8.31,265.41,21454,1748.69,4580.271,2003.37,11.98,4082.56,3172.63,15424.59,9470.17,24742.06,342,6819.75,1277.97,2217.2,1087.88,431.55,645.253,82.748,0.09,570.2,1287.32,1013.88,3.15,6.1436,0.7615,0.496,1.0878,2.344,1.6598,104.09,2.2359,95.96,8658.97
2014.9.30,256.77,20585,1698.41,4493.39,1972.29,16.31,4049.45,3225.93,16173.52,9474.3,22932.98,343.08,6622.72,1326.29,2363.87,1005.33,416.85,638.476,85.936,0.09,573.22,1208.15,1055.21,3.15,6.1394,0.7917,0.531,1.1198,2.49,1.6213,109.65,2.4469,91.16,8835.14
2014.10.31,250.45,21628,1708.09,4630.742,2018.05,14.03,4158.21,3113.32,16413.76,9326.87,23998.06,336.8,6546.47,1333.64,2420.178,1016.07,419.45,640.856,86.917,0.09,558.7,1172.94,1068.82,3.15,6.113,0.7983,0.458,1.1266,2.336,1.5995,112.32,2.4778,80.54,8837.78
2014.11.30,253.7,22376,1739.5,4791.63,2067.56,13.33,4337.79,3250.93,17459.85,9980.85,23987.45,347.25,6722.62,1410.34,2682.835,1004.72,425.82,685.741,88.356,0.09,545.08,1167.38,1108.06,3.15,6.145,0.8033,0.421,1.1416,2.165,1.5645,118.63,2.5654,66.15,9150.46
2014.12.31,244.05,23409,1709.67,4736.054,2058.9,19.2,4236.28,3146.43,17450.77,9805.55,23605.04,342.54,6566.09,1407.51,3234.678,956.31,417.12,686.871,90.269,0.12,542.97,1184.37,1090.98,3.22,6.2055,0.8266,0.329,1.1621,2.172,1.5577,119.78,2.6576,53.27,8983.37
2015.1.31,249.88,24079,1677.54,4635.24,1994.99,20.97,4148.43,3351.44,17674.39,10694.32,24507.05,367.05,6749.4,1415.07,3210.363,961.61,410.33,653.137,94.804,0.11,591.58,1283.79,1093.68,3.22,6.2506,0.8861,0.278,1.2732,1.642,1.506,117.49,2.6829,48.24,8385.13
2015.2.28,251.46,23938,1772.86,4963.527,2104.5,13.34,4440.67,3599,18797.94,11401.66,24823.29,392.21,6946.66,1523.85,3310.303,990.28,432.47,714.65,95.293,0.11,624.56,1213.18,1098,3.22,6.2694,0.8931,0.335,1.2515,1.994,1.5438,119.63,2.8412,49.76,9014.53
2015.3.31,257.28,25420,1740.81,4900.885,2067.89,15.29,4333.69,3697.38,19206.99,11966.17,24900.89,397.3,6773.04,1543.11,3747.899,974.57,424.76,695.483,98.357,0.11,650.49,1183.57,1109.69,3.22,6.1997,0.9318,0.405,1.2686,1.924,1.4818,120.13,3.1967,47.6,9128.98
2015.4.30,266.42,24873,1778.4,4941.424,2085.51,14.55,4414.25,3615.59,19520.01,11454.38,28133,395.79,6960.63,1592.79,4441.655,1047.78,436.3,686.287,94.6,0.12,689.01,1184.37,1072.29,3.22,6.2032,0.8911,0.342,1.2077,2.033,1.5351,119.38,3.0145,59.63,9077.12
2015.5.31,260.39,23056,1779.31,5070.026,2107.39,13.84,4508.25,3570.78,20563.15,11413.82,27424.19,399.87,6984.43,1673.65,4611.744,1004.22,434.51,745.408,96.907,0.12,711.39,1190.58,1108.19,3.22,6.1976,0.9098,0.394,1.2454,2.122,1.5291,124.15,3.1787,60.3,9237.79
2015.6.30,252.27,22386,1735.61,4986.867,2063.11,18.23,4396.76,3424.3,20235.73,10944.97,26250.03,381.31,6520.98,1630.4,4277.222,972.25,423.51,680.539,95.485,0.13,742.27,1172.35,1115.49,3.22,6.201,0.8979,0.465,1.2494,2.354,1.5712,122.5,3.103,59.47,8780.91
2015.7.31,244.3,20920,1765.6,5128.281,2103.84,12.12,4588.91,3600.69,20585.24,11308.99,24636.28,396.37,6696.28,1659.52,3663.725,901.68,426.78,646.287,97.336,0.13,725.06,1095.8,1170.31,3.22,6.2097,0.9104,0.415,1.3091,2.181,1.5622,123.89,3.4214,47.12,9428.17
2015.8.31,232.8,19226,1645.43,4776.508,1972.18,28.43,4274.58,3269.63,18890.48,10259.46,21670.58,362.79,6247.94,1537.05,3205.986,818.73,396.73,611.045,95.824,0.14,687.11,1134.93,1182.9,3.22,6.379,0.892,0.38,1.314,2.219,1.5345,121.23,3.6205,49.2,8824.56
2015.9.30,236.71,20020,1581.92,4620.165,1920.03,24.5,4181.06,3100.67,17388.15,9660.44,20846.3,347.77,6061.61,1411.16,3052.782,792.05,381.65,602.734,96.35,0.14,678.48,1115.09,1185.39,3.22,6.356,0.8947,0.356,1.3313,2.038,1.5128,119.88,3.9475,45.09,8513.41
2015.10.31,249.41,24222,1705.8,5053.749,2079.36,15.07,4648.83,3418.23,19083.1,10850.14,22640.04,375.47,6361.09,1558.2,3382.561,847.84,411.25,662.517,96.946,0.12,683.63,1142.11,1140.54,3.22,6.3174,0.9086,0.309,1.308,2.143,1.5428,120.62,3.8558,46.59,8938.65
2015.11.30,244.24,22668,1694.4,5108.666,2080.41,16.13,4664.51,3506.45,19747.47,11382.23,21996.42,385.43,6356.09,1580.25,3445.405,814.3,407.2,677.136,100.17,0.12,688.38,1064.77,1157.9,3.22,6.3984,0.9466,0.307,1.3362,2.207,1.5056,123.11,3.8674,41.65,8993.1
2015.12.31,240.38,22601,1662.79,5007.412,2043.94,18.21,4593.27,3267.52,19033.71,10743.01,21914.4,365.81,6242.32,1547.3,3539.182,794.14,399.36,663.481,98.631,0.24,682.35,1061.1,1175.06,2.8,6.4937,0.921,0.265,1.3839,2.27,1.4736,120.22,3.9608,37.04,8818.09
2016.1.31,232.1,20628,1562.18,4613.953,1940.24,20.2,4279.17,3045.09,17518.3,9798.11,19683.11,342.27,6083.79,1432.07,2737.6,742.37,375.02,613.681,99.606,0.34,682.8,1118.21,1199.13,2.8,6.576,0.9233,0.1,1.3976,1.922,1.4244,121.14,3.9992,33.62,8319.81
2016.2.29,234.63,21131,1547.17,4557.95,1932.23,20.55,4201.12,2945.75,16026.76,9495.4,19111.93,333.92,6097.09,1297.85,2687.979,740.33,371.66,622.111,98.211,0.38,651.62,1238.67,1236.65,2.8,6.552,0.9197,-0.06,1.354,1.736,1.3917,112.69,4.0159,33.75,7843.63
2016.3.31,245.86,23534,1648.12,4869.848,2059.74,13.95,4483.66,3004.93,16758.67,9965.51,20776.7,337.54,6174.9,1347.2,3003.915,836.8,398.26,676.892,94.586,0.36,688.38,1232.75,1143.42,2.8,6.4536,0.8787,-0.029,1.3004,1.77,1.436,112.57,3.5922,38.34,7807.89
2016.4.30,245.2,22332,1670.8,4775.358,2065.3,15.7,4341.3,3028.21,16666.05,10038.97,21067.05,341.48,6241.89,1340.55,2938.324,840.19,403.34,645.338,93.082,0.37,699.77,1293.53,1139.4,2.8,6.478,0.8733,-0.075,1.2556,1.834,1.4612,106.5,3.4358,45.92,7960.85
2016.5.31,243.63,23175,1674.61,4948.055,2096.96,14.19,4523.89,3063.48,17234.98,10262.74,20815.09,347.45,6230.79,1379.8,2916.616,807.45,402.57,699.363,95.891,0.37,698.45,1215.32,1191.93,2.8,6.5854,0.8983,-0.105,1.3093,1.847,1.4483,110.73,3.6116,49.1,8216.42
2016.6.30,244.14,25579,1653.23,4842.672,2098.86,15.63,4417.7,2864.74,15575.92,9680.09,20794.37,329.88,6504.33,1245.82,2929.606,834.1,399.29,691.668,96.143,0.38,675.09,1321.9,1151.8,2.8,6.648,0.9004,-0.217,1.2924,1.471,1.3311,103.2,3.213,48.33,8020.15
2016.7.31,251.48,27626,1721.79,5162.131,2173.6,11.87,4730.23,2990.76,16569.27,10337.5,21891.37,341.89,6724.43,1322.74,2979.339,873.47,416.09,766.776,95.53,0.39,706.24,1351.28,1120.24,2.8,6.635,0.8949,-0.19,1.303,1.454,1.323,102.06,3.2489,41.6,8127.2
2016.8.31,256.87,29080,1719.52,5213.219,2170.95,13.42,4771.06,3023.13,16887.4,10592.69,22976.88,343.53,6781.51,1329.54,3085.491,893.68,416.61,801.482,96.022,0.4,663.69,1308.97,1114.8,2.8,6.6793,0.8962,-0.063,1.3105,1.581,1.3138,103.43,3.2267,44.7,8202.13
2016.9.30,257.49,28685,1725.67,5312.002,2168.27,13.29,4875.7,3002.24,16449.84,10511.02,23297.15,342.92,6899.33,1322.78,3004.703,903.46,418.43,835.6,95.463,0.4,681.21,1315.87,1101.13,2.8,6.6718,0.8901,-0.089,1.3127,1.595,1.2972,101.35,3.2624,48.24,8139.01
2016.10.31,255.93,29421,1690.92,5189.135,2126.15,17.06,4801.27,3055.25,17425.02,10665.01,22934.54,338.97,6954.22,1393.02,3100.492,905.09,411.01,823.52,98.445,0.4,624.68,1277.21,1143.78,2.8,6.7758,0.9107,-0.048,1.3409,1.826,1.2242,104.82,3.1936,46.86,7827.74
2016.11.30,254.26,31342,1712.09,5323.681,2198.81,13.33,4810.81,3051.61,18308.48,10640.3,22789.77,341.99,6783.79,1469.43,3250.035,862.83,413.43,879.466,101.5,0.41,596.11,1173.2,1168.96,2.8,6.8894,0.9444,0.025,1.3437,2.382,1.2506,114.46,3.3858,49.44,7875.19
2016.12.31,260.01,32849,1751.22,5383.117,2238.83,14.04,4863.62,3290.52,19114.37,11481.06,22000.56,361.42,7142.83,1518.61,3103.637,862.27,421.84,906.471,102.21,0.54,631.44,1147.5,1205.83,2.95,6.945,0.9506,0.046,1.3441,2.445,1.234,116.96,3.2552,53.72,8219.87
2017.1.31,268.09,35966,1792.4,5614.786,2278.87,11.99,5116.77,3230.68,19041.34,11535.31,23360.78,360.12,7099.15,1521.67,3159.166,909.23,433.13,944.279,99.512,0.65,616.13,1210.72,1161.31,2.95,6.884,0.9261,0.087,1.303,2.454,1.2579,112.8,3.1486,52.81,8291.69
2017.2.28,270.06,35036,1838.7,5825.438,2363.64,12.92,5330.31,3319.61,19118.99,11834.41,23740.73,370.24,7263.44,1535.32,3241.733,936.37,444.5,969.384,101.12,0.66,612.2,1248.44,1130.28,2.95,6.867,0.9455,0.056,1.3301,2.391,1.238,112.77,3.1104,54.01,8545.81
2017.3.31,280.64,37678,1853.69,5911.738,2362.72,12.37,5436.23,3500.93,18909.26,12312.87,24111.59,381.14,7322.92,1512.6,3222.514,958.37,448.87,1011.403,100.35,0.79,619.28,1249.2,1118.45,2.95,6.8872,0.9385,0.07,1.3318,2.388,1.255,111.39,3.122,50.6,8658.89
2017.4.30,287.21,40806,1878.28,6047.606,2384.2,10.82,5583.53,3559.59,19196.74,12438.01,24615.13,387.09,7203.94,1531.8,3154.658,977.96,455.17,1005.527,99.05,0.9,628.24,1268.28,1137.65,2.95,6.8935,0.9178,0.018,1.3653,2.281,1.2951,111.49,3.1768,49.33,8812.67
2017.5.31,304.67,40879,1911.74,6198.517,2411.8,10.41,5788.8,3554.59,19650.57,12615.06,25660.65,389.99,7519.95,1568.37,3117.178,1005.33,463.79,1091.422,96.922,0.91,652.04,1268.92,1119.65,2.95,6.818,0.8894,0.049,1.35,2.204,1.289,110.78,3.227,48.32,9016.64
2017.6.30,311.76,43604,1916.43,6140.42,2423.41,11.18,5646.92,3441.88,20033.43,12325.12,25764.58,379.37,7312.72,1611.9,3192.427,1010.8,465.09,1034.907,95.628,1.04,669.04,1241.61,1144.14,2.95,6.7809,0.8752,0.086,1.2964,2.305,1.3025,112.39,3.3082,46.04,8906.89
2017.7.31,314.6,44210,1961.1,6348.123,2470.3,10.26,5880.33,3449.36,19925.18,12118.25,27323.99,377.85,7372,1618.61,3273.028,1066.23,477.58,1085.15,92.863,1.15,650.47,1269.44,1119.32,2.95,6.7266,0.8445,0.083,1.248,2.295,1.3215,110.26,3.1254,50.17,9055
2017.8.31,308.28,42485,1959.74,6428.662,2471.65,10.59,5988.6,3421.47,19646.24,12055.84,27970.3,373.88,7430.62,1617.41,3360.81,1087.7,478.41,1114.312,92.668,1.16,657.83,1321.43,1127.55,2.95,6.5901,0.8397,0.009,1.2482,2.118,1.293,109.98,3.1491,47.23,8925.45
2017.9.30,316.27,47163,2000.55,6495.959,2519.36,9.51,5979.3,3594.85,20356.28,12828.86,27554.3,388.16,7372.76,1674.75,3348.943,1081.72,486.88,1171.738,93.076,1.15,652.82,1279.75,1145.44,2.95,6.6528,0.8464,0.068,1.2472,2.334,1.3398,112.51,3.1625,51.67,9157.46
2017.10.31,333.57,50657,2036.8,6727.669,2575.26,10.18,6248.56,3673.95,22011.61,13229.57,28245.54,395.22,7493.08,1765.96,3393.342,1119.08,496.62,1275.605,94.552,1.15,694.2,1271.45,1120.34,2.95,6.635,0.8587,0.071,1.2888,2.38,1.3283,113.64,3.2713,54.38,9242.18
2017.11.30,325.25,46721,2077.36,6873.973,2647.58,11.28,6365.56,3569.93,22724.96,13023.98,29177.35,386.69,7326.67,1792.08,3317.188,1120.79,505.44,1272.552,93.047,1.16,771.42,1275.01,1087.97,2.95,6.6091,0.8401,0.039,1.2897,2.411,1.3525,112.54,3.2681,57.4,9318.77
2017.12.31,324.74,47290,2103.45,6903.389,2673.61,11.04,6396.42,3503.96,22764.94,12917.64,29919.15,389.18,7687.77,1817.56,3307.172,1158.45,513.03,1253.048,92.124,1.3,798.42,1302.8,1067.4,3.16,6.5068,0.833,0.048,1.2571,2.406,1.3513,112.69,3.3125,60.42,9381.87
2018.1.31,333.38,46306,2213.24,7411.482,2823.81,13.54,6949.99,3609.29,23098.29,13189.48,32887.27,395.46,7533.55,1836.71,3480.833,1254.59,541.67,1361.5,89.133,1.41,913.57,1345.14,1067.75,3.16,6.2888,0.8056,0.085,1.2315,2.706,1.4191,109.19,3.1875,64.73,9335.4
2018.2.28,312.86,43671,2117.99,7273.009,2713.83,19.85,6854.42,3438.96,22068.24,12435.85,30844.72,379.63,7231.91,1768.24,3259.408,1195.19,518.08,1362.024,90.613,1.42,857.06,1318.31,1083,3.16,6.331,0.8201,0.053,1.2831,2.862,1.376,106.68,3.2475,61.64,8906.38
2018.3.31,314.61,46010,2066.84,7063.445,2640.87,19.97,6581.13,3361.5,21454.3,12096.73,30093.38,370.87,7056.61,1716.3,3168.896,1170.88,505.81,1328.902,89.974,1.51,871.09,1325.48,1063.63,3.16,6.2755,0.8114,0.049,1.29,2.74,1.4015,106.28,3.3063,64.94,8740.97
2018.4.30,323.56,49543,2086.51,7066.266,2648.05,15.93,6605.57,3536.52,22467.87,12612.11,30808.45,385.32,7509.3,1777.23,3082.232,1164.43,509.69,1244.396,91.841,1.69,875.95,1315.39,1068.05,3.16,6.3322,0.8279,0.055,1.2843,2.954,1.3763,109.34,3.5063,68.57,8886.26
2018.5.31,310.92,47393,2092.92,7442.117,2705.27,15.43,6967.73,3406.65,22201.82,12604.89,30468.56,383.06,7678.2,1747.45,3095.474,1120.71,508.77,1378.996,93.979,1.7,879.66,1298.51,1077.24,3.16,6.4106,0.8553,0.04,1.2958,2.859,1.3298,108.82,3.7239,67.04,8456.95
2018.6.30,299.66,43932,2089.3,7510.304,2718.37,16.09,7040.8,3395.6,22304.51,12306,28955.11,379.93,7636.93,1730.89,2847.418,1069.52,505.2,1313.704,94.47,1.82,818.22,1252.6,1114.67,3.16,6.621,0.8558,0.036,1.3133,2.861,1.3207,110.76,3.8769,74.15,8609.3
2018.7.31,297.45,43555,2153.1,7671.789,2816.29,12.83,7231.98,3525.49,22553.72,12805.5,28583.01,391.61,7748.76,1753.29,2876.401,1087.46,519.82,1367.475,94.554,1.91,775.52,1224.15,1118.73,3.16,6.8167,0.8554,0.062,1.3006,2.961,1.3124,111.86,3.7572,68.76,9174.33
2018.8.31,300.07,45627,2175.5,8109.537,2901.52,12.86,7654.55,3392.9,22865.15,12364.06,27888.55,382.26,7432.42,1735.35,2725.25,1055.96,522.88,1401.203,95.14,1.91,816.97,1201.15,1113.07,3.16,6.8315,0.862,0.107,1.304,2.861,1.296,111.03,4.0551,69.8,8973.56
2018.9.30,300.51,44073,2184.01,8046.353,2913.98,12.12,7627.65,3399.2,24120.04,12246.73,27788.52,383.18,7510.2,1817.25,2821.35,1047.91,524.25,1366.742,95.132,1.95,822.27,1190.88,1109.3,3.16,6.8688,0.8617,0.13,1.2908,3.062,1.3031,113.7,4.0504,73.25,9087.99
2018.10.31,264.01,40230,2021.98,7305.899,2711.74,21.23,6967.1,3197.51,21920.46,11447.51,24979.69,361.61,7128.1,1646.12,2602.783,955.92,484.57,1202.297,97.127,2.19,648.67,1214.76,1139.82,3.16,6.9757,0.884,0.127,1.3157,3.144,1.2766,112.94,3.724,65.31,9022.16
2018.11.30,271.35,39708,2041.36,7330.537,2760.17,18.07,6949.01,3173.13,22351.06,11257.24,26506.75,357.49,6980.24,1667.45,2588.188,994.72,490.86,1239.602,97.272,2.2,695.76,1220.52,1120.75,3.16,6.9605,0.8835,0.092,1.3292,2.989,1.2749,113.57,3.8671,50.93,9037.76
2018.12.31,261.98,37061,1883.9,6635.277,2506.85,25.42,6329.96,3001.42,20014.77,10558.96,25845.7,337.65,6728.13,1494.09,2493.896,965.78,455.66,1155.173,96.173,2.27,675.65,1282.49,1110.95,2.91,6.8785,0.8722,0.003,1.3637,2.685,1.2754,109.69,3.8812,45.41,8429.3
2019.1.31,285.89,44196,2028.49,7281.737,2704.1,16.57,6906.84,3159.43,20773.49,11173.1,27942.47,358.67,6968.85,1567.49,2584.573,1049.93,491.19,1272.09,95.578,2.4,716.86,1321.25,1112.72,2.91,6.6961,0.8736,0.005,1.3125,2.63,1.3109,108.89,3.6471,53.79,8969.27
2019.2.28,283.8,43190,2085.84,7532.532,2784.49,14.78,7097.53,3298.26,21385.16,11515.64,28633.18,372.8,7074.73,1607.66,2940.954,1050.95,503.48,1350.202,96.157,2.4,731.25,1313.32,1124.44,2.91,6.6941,0.8794,-0.022,1.3172,2.716,1.3263,111.39,3.7564,57.22,9388.94
2019.3.31,276.48,43096,2107.74,7729.321,2834.4,13.71,7378.77,3351.71,21205.81,11526.04,29051.36,379.09,7279.19,1591.64,3090.758,1058.13,508.55,1395.511,97.284,2.41,729.31,1292.38,1135.18,2.91,6.7121,0.8914,-0.081,1.3349,2.406,1.3035,110.86,3.921,60.14,9477.84
2019.4.30,284.92,44254,2178.67,8095.388,2945.83,13.12,7781.46,3514.62,22258.73,12344.08,29699.11,391.35,7418.22,1617.93,3078.339,1079.24,524.84,1556.18,97.479,2.42,754.74,1283.53,1168.15,2.91,6.7348,0.8917,-0.04,1.3388,2.503,1.3032,111.42,3.919,63.91,9769.74
2019.5.31,263.89,41021,2046.25,7453.148,2752.06,18.71,7127.96,3280.43,20601.19,11726.84,26901.09,369.06,7161.71,1512.28,2898.696,998,492.12,1296.185,97.75,2.39,696.47,1305.58,1190.91,2.91,6.905,0.8954,-0.094,1.3516,2.125,1.2629,108.29,3.9229,53.5,9523.98
2019.6.30,277.5,45718,2178.35,8006.244,2941.76,15.08,7671.08,3473.69,21275.92,12398.8,28542.62,384.87,7425.63,1551.14,2978.878,1054.86,523.44,1458.959,96.13,2.38,690.53,1409.55,1154.8,2.91,6.8668,0.8793,-0.158,1.3095,2.006,1.2696,107.85,3.8497,58.47,9898.24
2019.7.31,266.34,44113,2187.56,8175.419,2980.38,16.12,7848.78,3466.85,21521.53,12189.04,27777.75,385.77,7586.78,1565.14,2932.506,1037.01,524.35,1542.442,98.516,2.4,630.18,1413.78,1183.01,2.91,6.8811,0.9028,-0.153,1.3191,2.015,1.2159,108.78,3.8115,58.58,9919.27
2019.8.31,259,42800,2138.52,7962.882,2926.46,18.98,7691,3426.76,20704.37,11939.28,25724.73,379.48,7207.18,1511.86,2886.237,984.33,510.88,1504.925,98.916,2.13,610.55,1520.38,1211.35,2.91,7.1565,0.9102,-0.269,1.3311,1.498,1.2156,106.28,4.1455,55.1,9895.65
2019.9.30,273.55,48058,2180.02,7999.338,2976.74,16.24,7749.45,3569.45,21755.84,12428.08,26092.27,393.15,7408.21,1587.8,2905.189,1001,520.65,1558.755,99.377,2.04,621.76,1472.49,1196.38,2.91,7.1483,0.9176,-0.213,1.3241,1.666,1.2289,108.08,4.157,54.07,10078.32
2019.10.31,275.82,49381,2233.53,8292.36,3037.56,13.22,8083.83,3604.41,22927.04,12866.79,26906.72,396.75,7248.38,1667.01,2929.056,1041.98,534.41,1651.225,97.352,1.83,658.52,1512.99,1163.72,2.91,7.0391,0.8967,-0.133,1.3164,1.692,1.2942,108.03,4.0195,54.18,10219.82
2019.11.30,276.78,49283,2292.26,8665.471,3140.98,12.62,8403.69,3703.58,23293.91,13236.38,26346.49,407.43,7346.53,1699.36,2871.981,1040.05,546.7,1716.845,98.273,1.55,632.99,1463.98,1181.46,2.91,7.0325,0.9076,-0.073,1.3282,1.777,1.2925,109.49,4.2371,55.17,10493.24
2019.12.31,293.77,55023,2358.47,8972.604,3230.78,13.78,8733.07,3745.15,23656.62,13249.01,28189.75,415.84,7542.44,1721.36,3050.124,1114.66,565.24,1849.625,96.389,1.55,669.83,1517.27,1155.84,2.03,6.9632,0.8919,-0.011,1.299,1.919,1.3257,108.61,4.0249,61.06,10616.94
2020.1.31,284.53,55615,2342.41,9150.936,3225.52,18.84,8991.51,3640.91,23205.18,12981.97,26312.63,410.71,7286.01,1684.44,2976.528,1062.34,558.62,1789.927,97.39,1.55,642.48,1589.16,1191.74,2.03,6.9109,0.9015,-0.066,1.3237,1.508,1.3206,108.35,4.2828,51.56,10627.88
2020.2.29,268.02,53445,2141.12,8567.367,2954.22,40.11,8461.83,3329.49,21142.96,11890.35,26129.93,375.65,6580.61,1510.87,2880.304,1005.52,512.76,1705.536,98.132,1.58,610.73,1585.69,1214.73,2.03,6.992,0.9069,-0.153,1.3407,1.15,1.2823,107.89,4.472,44.76,9831.03
2020.3.31,236.82,47433,1852.73,7700.098,2584.59,53.54,7813.5,2786.9,18917.01,9935.84,23603.48,320.06,5671.96,1403.04,2750.296,848.58,442.35,1510.595,99.048,0.65,569.07,1577.18,1218.54,2.03,7.0822,0.9064,0.022,1.4062,0.67,1.242,107.54,5.2053,20.48,9311.92
2020.4.30,258.15,49668,2052.85,8889.551,2912.43,34.15,9000.51,2927.93,20193.69,10861.64,24643.59,340.03,5901.21,1464.03,2860.082,924.94,489.17,1731.235,99.016,0.05,645.18,1686.5,1204.44,2.03,7.0632,0.9131,-0.03,1.3945,0.64,1.2594,107.18,5.4858,18.84,9629.4
2020.5.31,268.32,50363,2147.88,9489.872,3044.31,27.51,9555.52,3050.2,21877.89,11586.85,22961.47,350.36,6076.6,1563.67,2852.351,930.35,509.47,1852.494,98.344,0.05,713.68,1730.27,1237.57,2.03,7.1364,0.9006,0.005,1.378,0.653,1.2343,107.83,5.337,35.49,9831.49
2020.6.30,280.09,52800,2201.79,10058.77,3100.29,30.43,10156.85,3234.07,22288.14,12310.93,24427.19,360.34,6169.74,1558.77,2984.674,995.1,524.91,1996.442,97.391,0.08,737.97,1780.96,1202.74,2.03,7.0654,0.8902,0.028,1.3576,0.657,1.2401,107.93,5.4659,39.27,10045.3
2020.7.31,299.32,57900,2304.98,10745.27,3271.12,24.46,10905.88,3174.32,21710,12313.36,24595.35,356.33,5897.76,1496.06,3310.007,1078.92,551.89,2136.412,93.349,0.09,815.3,1975.86,1191.03,2.03,6.9752,0.849,0.02,1.3412,0.529,1.3085,105.83,5.2225,40.27,10005.9
2020.8.31,307.14,54000,2455.51,11775.46,3500.31,26.41,12110.7,3272.51,23139.76,12945.38,25177.05,366.51,5963.57,1618.18,3395.677,1101.5,584.86,2260.432,92.144,0.1,848.24,1967.8,1187.76,2.03,6.8485,0.8378,0.051,1.3047,0.706,1.337,105.91,5.4937,42.61,10135.56